12 -82
95 -9
37 101
-98 70
-102 -84
57 -132
153 19
24 163
-159 74
-121 -139
105 -161
192 59
-3 207
-207 56
-115 -189
154 -167
208 104
-44 234
-241 22
-90 -228
196 -152
204 146
-83 238
-252 -12
-61 -243
214 -128
181 165
-101 217
-231 -31
-39 -223
191 -101
147 143
-84 173
-179 -22
-35 -161
127 -80
107 80
-30 113
-99 16
-49 -71
32 -68
65 -9
44 46
-14 67
-72 27
-64 -59
30 -96
112 -12
58 110
-88 101
-133 -52
4 -150
147 -48
95 127
-90 132
-152 -42
-7 -155
140 -54
91 111
-74 113
-120 -35
-3 -114
97 -31
48 75
-51 56
-55 -31
19 -48
40 13
-13 36
-36 -15
17 -42
53 14
-4 66
-76 14
-39 -78
71 -66
93 51
-21 113
-121 18
-59 -115
92 -97
125 56
-10 141
-138 39
-84 -118
82 -119
139 36
14 141
-125 61
-97 -93
51 -118
122 7
34 109
-83 64
-81 -48
13 -83
70 -18
37 47
-19 43
-37 7
-25 -18
-7 -32
24 -34
54 5
24 64
-59 58
-89 -41
9 -112
121 -33
77 114
-90 118
-148 -52
4 -165
163 -47
96 145
-111 135
-161 -68
18 -171
165 -28
69 145
-116 99
-117 -82
48 -123
119 19
3 109
-96 18
-26 -84
76 -31
33 73
-74 38
-47 -79
81 -62
84 79
-70 108
-132 -50
20 -154
165 -17
60 167
-153 104
-144 -126
88 -175
194 40
9 197
-186 57
-100 -162
129 -132
151 90
-51 159
-155 -15
-15 -145
130 -37
53 114
-100 64
-73 -89
80 -81
92 72
-62 106
-122 -49
29 -139
152 0
34 158
-154 75
-116 -137
107 -152
179 63
-13 191
-188 42
-93 -166
127 -134
160 78
-24 167
-155 30
-73 -126
84 -101
112 36
9 103
-78 46
-70 -40
-3 -74
60 -42
72 31
9 87
-84 53
-93 -63
26 -122
135 -20
70 130
-107 116
-151 -67
17 -170
171 -37
87 153
-120 129
-156 -75
25 -168
163 -23
67 143
-111 99
-119 -73
34 -125
119 -3
32 103
-81 54
-66 -55
30 -69
65 8
10 55
-42 23
-29 -28
14 -31
29 0
10 24
-16 17
-22 -8
-2 -25
26 -11
20 22
-19 28
-36 -13
5 -42
47 -5
16 50
-51 28
-42 -49
44 -56
70 36
-25 83
-95 -10
-10 -106
111 -34
61 113
-106 92
-124 -92
69 -154
180 36
6 197
-205 55
-108 -199
178 -161
210 140
-90 249
-274 -30
-39 -282
272 -109
174 242
-197 230
-273 -137
70 -297
304 0
68 294
-267 128
-179 -231
185 -219
247 135
-83 263
-270 -32
-16 -268
261 -63
109 246
-225 151
-192 -198
162 -230
262 118
-67 287
-302 -7
-56 -303
289 -120
183 260
-216 236
-278 -158
93 -305
315 25
43 308
-285 106
-159 -250
206 -200
229 158
-107 246
-253 -59
13 -253
245 -29
67 234
-219 105
-140 -198
173 -173
205 141
-102 231
-251 -55
3 -260
257 -52
108 241
-210 157
-197 -167
115 -224
236 59
-5 232
-215 43
-82 -187
153 -108
122 119
-89 125
-121 -64
49 -114
108 41
-38 108
-114 -35
30 -127
145 18
5 164
-177 38
-79 -183
175 -127
175 152
-113 216
-248 -60
-4 -264
262 -70
134 238
-198 191
-233 -143
79 -257
263 13
51 250
-221 107
-150 -180
131 -178
193 81
-34 192
-180 9
-43 -161
136 -68
84 109
-84 91
-95 -62
43 -93
90 29
-19 85
-82 -10
4 -81
82 -3
10 83
-85 21
-34 -87
85 -51
69 80
-71 88
-106 -54
32 -121
130 4
27 132
-124 59
-89 -108
84 -114
132 51
-16 139
-136 21
-53 -121
97 -81
98 69
-37 105
-101 -7
-17 -89
71 -34
42 51
-33 42
-37 -20
12 -28
18 11
-17 13
-13 -24
32 -18
30 37
-35 45
-61 -27
11 -73
79 -11
35 77
-67 57
-76 -48
24 -86
88 -3
27 80
-64 46
-57 -45
24 -59
56 6
6 46
-33 12
-10 -23
16 -4
-4 16
-22 -11
14 -34
48 9
3 61
-69 23
-46 -70
61 -72
95 42
-15 111
-118 16
-50 -113
98 -82
108 75
-45 126
-133 -12
-21 -133
124 -52
78 110
-92 100
-118 -69
46 -133
144 19
11 150
-153 44
-81 -147
134 -120
157 108
-70 190
-215 -19
-39 -222
213 -104
165 183
-133 218
-252 -65
-11 -265
251 -90
161 212
-152 216
-247 -75
-5 -251
227 -80
141 180
-116 179
-192 -45
-19 -177
142 -72
103 92
-37 112
-97 12
-47 -66
23 -64
59 -20
55 35
2 75
-75 44
-84 -56
21 -113
126 -24
72 118
-92 114
-144 -52
2 -156
151 -47
89 127
-92 121
-137 -49
8 -136
123 -29
56 100
-74 71
-74 -47
25 -69
60 11
-4 48
-40 -5
7 -38
39 10
-11 45
-52 -7
-2 -59
63 -14
29 61
-56 43
-53 -45
33 -60
61 21
-12 60
-57 -6
3 -55
56 2
-1 61
-71 3
-13 -83
95 -31
58 102
-100 89
-125 -86
57 -159
184 17
34 196
-191 90
-144 -169
129 -190
223 76
-14 238
-235 49
-107 -213
175 -155
188 129
-77 206
-209 -27
-17 -200
184 -54
82 163
-141 104
-122 -121
102 -137
153 82
-60 171
-188 -32
-3 -202
211 -47
98 207
-190 151
-204 -154
103 -245
273 37
39 280
-263 114
-182 -224
164 -237
270 91
-12 279
-263 65
-131 -224
170 -180
208 105
-41 214
-201 19
-67 -173
134 -100
118 93
-53 122
-116 -20
-7 -103
87 -26
38 71
-56 47
-53 -42
29 -59
63 15
4 65
-62 23
-45 -53
36 -66
80 9
24 86
-78 62
-98 -55
16 -125
139 -35
91 132
-101 146
-190 -51
-17 -214
214 -96
173 183
-126 237
-280 -44
-51 -293
272 -148
234 217
-134 298
-330 -33
-73 -325
284 -172
250 211
-118 299
-312 -16
-81 -288
235 -162
216 159
-74 237
-227 8
-77 -190
134 -121
140 71
-11 132
-102 34
-61 -60
14 -64
47 -24
47 14
25 52
-36 60
-85 -2
-39 -92
78 -81
115 46
0 133
-131 52
-100 -106
63 -135
150 7
50 141
-109 101
-135 -59
-1 -146
130 -62
113 91
-34 143
-149 32
-97 -126
79 -147
177 11
62 178
-151 133
-191 -96
23 -225
229 -60
140 202
-149 206
-250 -75
-10 -265
251 -94
166 209
-145 222
-251 -71
-7 -253
231 -79
136 189
-136 173
-190 -77
21 -188
171 -25
60 142
-111 81
-91 -81
55 -90
84 35
-24 76
-71 -18
14 -69
71 11
-5 76
-82 3
-17 -87
89 -34
54 85
-75 75
-91 -60
40 -105
112 17
8 114
-110 31
-53 -102
89 -73
89 73
-54 103
-113 -33
9 -118
121 -16
43 116
-107 69
-94 -90
66 -115
131 35
0 137
-133 38
-74 -117
90 -103
125 54
-14 132
-126 28
-65 -107
76 -93
109 37
4 110
-97 40
-71 -72
39 -89
93 1
33 84
-63 61
-79 -36
4 -85
80 -26
50 66
-45 67
-75 -22
-1 -76
70 -19
34 61
-51 42
-49 -41
34 -53
58 27
-21 65
-74 -13
1 -84
92 -18
41 96
-93 69
-100 -80
56 -127
147 21
21 155
-149 67
-110 -129
92 -145
166 47
4 171
-158 54
-95 -129
89 -123
132 43
0 125
-103 35
-57 -71
36 -61
50 6
14 27
3 19
-7 32
-51 19
-56 -57
44 -93
127 12
35 146
-146 91
-147 -123
79 -196
226 16
58 233
-215 132
-196 -171
105 -246
269 26
56 265
-235 131
-192 -181
113 -232
246 36
35 235
-203 97
-143 -154
99 -168
173 43
8 161
-137 46
-72 -105
72 -84
86 42
-19 79
-68 -3
-6 -57
49 -12
15 43
-40 17
-23 -38
35 -31
40 30
-19 49
-55 -5
-12 -56
51 -30
47 39
-21 59
-63 1
-24 -60
48 -44
58 29
-7 64
-62 15
-34 -52
37 -47
52 18
-2 50
-43 11
-18 -33
23 -19
14 16
-15 7
-1 -21
32 1
5 46
-58 20
-43 -66
64 -71
102 49
-22 129
-146 17
-63 -152
139 -113
159 109
-64 195
-216 -8
-54 -218
200 -116
168 165
-115 208
-232 -57
-5 -236
224 -62
111 197
-160 149
-175 -119
77 -188
191 36
0 187
-179 30
-57 -168
157 -81
106 144
-129 130
-155 -110
84 -180
202 51
-11 218
-225 36
-89 -219
201 -140
186 167
-122 224
-248 -66
5 -258
251 -56
112 227
-191 159
-192 -145
95 -213
220 43
5 213
-198 48
-82 -175
147 -110
129 118
-87 141
-147 -56
28 -147
144 2
24 135
-123 46
-64 -106
88 -78
86 67
-46 88
-84 -27
13 -76
65 5
-3 55
-47 -6
14 -45
51 22
-29 64
-84 -28
19 -107
129 -3
34 146
-152 76
-122 -146
121 -168
208 82
-29 236
-248 34
-99 -240
213 -161
213 168
-111 249
-268 -46
-20 -268
251 -81
132 220
-180 173
-200 -134
88 -215
221 44
-2 217
-210 35
-70 -199
184 -102
133 165
-141 164
-193 -111
73 -217
234 26
26 241
-234 81
-137 -211
173 -187
224 120
-58 245
-248 7
-70 -231
196 -123
163 148
-92 185
-187 -35
-17 -173
144 -56
82 107
-67 92
-88 -31
3 -71
49 -15
20 23
-1 13
1 14
-22 21
-43 -18
6 -62
75 -13
38 80
-77 63
-88 -67
49 -110
127 25
2 138
-144 35
-68 -142
133 -102
135 115
-89 166
-193 -54
10 -212
221 -39
94 218
-199 150
-202 -164
116 -245
275 53
18 287
-280 91
-161 -252
205 -221
267 143
-70 293
-299 6
-79 -282
248 -143
193 199
-142 227
-244 -81
21 -243
229 -32
76 204
-172 111
-134 -138
103 -148
153 71
-42 153
-149 -16
-5 -144
136 -24
41 128
-120 58
-73 -111
101 -88
103 88
-74 117
-131 -57
36 -142
151 13
13 157
-158 42
-72 -155
145 -104
136 127
-102 164
-188 -69
30 -205
212 -15
61 209
-193 107
-148 -167
132 -182
205 89
-43 217
-217 3
-44 -208
191 -81
110 169
-146 134
-151 -122
100 -166
182 79
-56 197
-216 -30
-5 -235
250 -50
104 258
-251 168
-239 -226
177 -307
364 105
-10 404
-415 100
-215 -392
334 -323
414 240
-118 475
-497 20
-158 -475
409 -287
389 307
-177 452
-471 -38
-98 -445
377 -215
300 280
-166 344
-349 -49
-54 -314
250 -132
178 171
-87 189
-170 -14
-38 -127
73 -63
61 19
23 36
6 46
-44 52
-93 -18
-24 -118
121 -79
133 99
-55 174
-198 4
-73 -196
168 -137
188 116
-50 217
-220 24
-92 -196
149 -148
182 86
-17 191
-174 50
-103 -134
80 -138
148 18
42 136
-103 89
-121 -55
0 -133
122 -54
99 93
-52 130
-145 -3
-47 -142
124 -92
127 92
-53 151
-161 -10
-31 -160
150 -70
103 130
-106 131
-154 -76
44 -170
181 8
31 184
-181 72
-114 -168
144 -155
193 109
-62 221
-238 -6
-56 -238
220 -117
173 183
-129 216
-241 -64
-7 -244
224 -73
129 184
-128 167
-182 -64
4 -172
141 -48
79 95
-44 89
-74 6
-42 -40
-8 -58
48 -59
103 14
41 129
-128 106
-171 -100
43 -225
254 -36
125 253
-217 214
-288 -149
56 -335
346 -51
157 321
-259 249
-315 -171
65 -346
338 -42
137 296
-225 208
-248 -140
49 -254
230 -30
89 180
-119 121
-125 -56
2 -106
69 -33
46 23
20 35
-7 50
-63 32
-72 -56
31 -107
127 -8
52 131
-116 95
-129 -88
49 -149
154 9
27 146
-128 56
-74 -106
87 -82
83 71
-63 82
-85 -62
64 -95
113 64
-58 139
-169 -39
4 -198
218 -45
106 222
-206 170
-233 -166
106 -283
313 28
58 318
-295 142
-217 -248
179 -273
304 100
-17 309
-290 62
-125 -251
200 -170
196 142
-87 204
-196 -40
4 -181
162 -22
40 144
-129 52
-63 -120
113 -76
92 105
-93 110
-130 -74
48 -148
158 14
24 159
-147 62
-96 -123
89 -121
133 48
-8 130
-114 27
-54 -87
55 -66
65 22
6 52
-31 24
-29 -4
-22 -23
7 -41
52 -17
42 52
-41 66
-84 -24
1 -96
99 -24
48 95
-86 70
-88 -74
59 -103
116 43
-25 129
-140 -6
-18 -150
157 -49
85 157
-150 126
-169 -129
95 -209
241 45
14 259
-260 82
-149 -240
200 -212
260 141
-70 289
-296 6
-78 -280
245 -142
191 194
-135 221
-230 -77
23 -225
206 -21
52 182
-157 72
-84 -136
121 -91
99 111
-105 111
-129 -98
86 -153
179 64
-31 203
-220 13
-66 -224
212 -124
177 181
-133 222
-252 -73
6 -261
249 -61
122 219
-174 167
-196 -119
62 -206
200 8
36 180
-152 69
-89 -120
90 -100
102 64
-44 98
-95 -29
17 -94
93 5
8 94
-93 25
-44 -89
78 -64
81 59
-35 94
-98 -6
-24 -92
74 -50
69 48
-16 76
-69 15
-41 -51
22 -57
60 -9
40 48
-24 63
-74 8
-43 -70
51 -75
96 21
17 103
-95 56
-89 -71
36 -111
118 -5
46 108
-83 79
-101 -48
8 -108
98 -31
62 75
-43 82
-87 -7
-28 -79
58 -57
75 29
4 80
-74 35
-62 -57
33 -82
91 4
26 91
-83 53
-78 -69
49 -97
111 24
3 120
-124 32
-63 -120
111 -96
128 91
-62 157
-180 -24
-23 -193
192 -76
130 177
-142 182
-223 -93
30 -249
256 -41
112 240
-202 176
-228 -145
75 -258
266 0
74 250
-212 137
-183 -159
96 -210
214 32
27 200
-170 74
-104 -131
89 -121
123 50
-18 114
-99 5
-19 -83
69 -26
30 59
-53 33
-38 -48
44 -46
57 36
-22 67
-75 -2
-22 -74
65 -49
72 44
-13 87
-89 24
-64 -76
46 -97
117 3
47 121
-104 99
-144 -64
9 -173
180 -56
123 161
-117 181
-221 -53
-23 -237
225 -100
171 185
-124 222
-250 -49
-31 -250
223 -102
157 174
-113 191
-199 -48
-11 -185
154 -54
78 114
-74 84
-72 -43
27 -51
28 27
-43 11
-10 -69
98 -26
60 119
-125 109
-165 -110
69 -217
256 6
74 271
-258 160
-242 -214
141 -309
349 48
55 357
-331 158
-249 -273
190 -314
349 93
11 352
-324 104
-180 -271
201 -233
260 125
-50 263
-245 14
-62 -214
177 -95
114 141
-109 121
-123 -86
68 -125
129 55
-42 138
-150 -24
0 -162
171 -33
73 171
-159 116
-160 -133
92 -195
217 39
21 224
-211 81
-134 -181
135 -176
200 79
-20 206
-195 34
-81 -168
130 -114
131 89
-48 134
-126 -14
-12 -110
91 -27
34 74
-61 35
-33 -54
54 -32
35 56
-61 44
-57 -62
58 -76
95 46
-26 114
-126 1
-33 -131
125 -68
100 110
-84 128
-148 -51
14 -159
160 -26
65 151
-132 99
-127 -106
74 -148
162 38
0 167
-163 38
-74 -151
131 -107
135 104
-71 155
-168 -33
-8 -172
165 -48
86 148
-122 118
-143 -89
51 -156
160 11
28 153
-137 62
-87 -113
85 -106
115 55
-26 117
-111 -2
-20 -102
89 -36
48 76
-62 56
-61 -49
38 -64
66 26
-15 67
-67 -5
-6 -66
63 -17
27 57
-50 34
-41 -41
32 -45
45 24
-17 45
-44 -12
9 -44
45 5
-3 48
-53 3
-11 -57
60 -24
39 59
-53 56
-72 -39
20 -85
90 -5
32 86
-71 57
-76 -48
18 -84
80 -13
41 64
-37 59
-65 -3
-31 -55
30 -58
73 -7
49 70
-47 89
-120 -6
-47 -132
121 -107
161 85
-27 201
-218 46
-125 -206
166 -199
257 97
-10 287
-286 85
-177 -250
183 -252
300 95
5 314
-294 105
-190 -240
161 -249
277 70
22 272
-236 105
-165 -176
101 -199
202 24
44 179
-134 95
-123 -77
18 -126
107 -34
71 70
-24 89
-85 24
-64 -63
27 -91
100 -17
60 92
-68 97
-122 -31
-13 -132
126 -58
97 104
-71 127
-144 -30
-14 -148
137 -56
91 114
-82 117
-132 -45
8 -135
126 -28
59 109
-84 82
-95 -56
28 -98
93 1
21 82
-67 36
-45 -49
33 -47
44 19
-9 38
-31 -6
6 -26
24 7
-11 25
-31 -11
9 -40
48 1
12 55
-55 29
-48 -51
38 -66
79 16
10 85
-83 38
-65 -68
45 -86
97 15
17 98
-88 49
-75 -66
38 -92
98 7
24 92
-77 50
-68 -55
32 -78
77 9
10 72
-62 24
-32 -52
44 -36
39 38
-36 44
-50 -35
33 -63
79 26
-11 95
-109 13
-45 -117
113 -83
123 96
-63 158
-182 -17
-39 -191
182 -97
152 152
-103 196
-222 -44
-23 -227
211 -88
144 174
-123 183
-204 -63
4 -204
185 -49
90 153
-114 116
-126 -74
37 -123
112 10
7 95
-79 15
-16 -68
63 -14
12 65
-72 15
-24 -80
86 -40
61 86
-80 86
-108 -64
40 -128
139 10
23 142
-136 56
-86 -122
100 -111
129 73
-46 141
-147 -16
-13 -147
142 -41
68 133
-119 93
-118 -100
76 -138
155 46
-11 164
-166 27
-66 -156
136 -103
132 106
-70 151
-159 -29
-11 -155
139 -45
72 115
-87 88
-93 -60
36 -91
83 20
-12 73
-67 -11
12 -66
74 12
-7 86
-102 7
-30 -115
119 -65
104 111
-87 142
-174 -46
-7 -191
190 -68
127 165
-120 177
-209 -58
-13 -217
200 -83
143 158
-98 184
-200 -27
-43 -190
154 -104
146 101
-37 164
-158 27
-81 -128
83 -118
135 28
26 129
-105 71
-103 -66
22 -116
112 -22
59 94
-65 84
-97 -32
-1 -97
89 -29
49 72
-54 63
-71 -35
18 -73
73 2
12 72
-69 26
-41 -64
56 -57
72 44
-25 86
-93 -1
-26 -93
83 -55
79 64
-35 97
-103 -1
-34 -95
75 -64
85 45
-9 92
-84 27
-57 -63
31 -76
79 -6
40 67
-41 66
-79 -7
-29 -77
60 -62
84 31
4 93
-88 39
-70 -68
41 -90
98 8
23 93
-80 49
-65 -59
39 -74
75 19
-4 72
-68 6
-14 -66
68 -21
32 71
-75 48
-72 -73
63 -101
129 40
-4 152
-163 46
-102 -156
127 -157
203 75
-6 231
-231 74
-153 -203
145 -219
263 64
31 273
-249 124
-205 -193
109 -260
281 9
90 263
-210 175
-235 -130
36 -260
249 -60
142 202
-132 200
-225 -48
-36 -218
182 -109
161 123
-53 184
-181 16
-74 -152
109 -115
134 57
-8 134
-117 35
-62 -89
59 -77
79 30
-7 73
-61 8
-16 -51
43 -19
21 39
-38 24
-31 -37
35 -41
53 26
-13 62
-66 5
-26 -64
53 -45
59 34
-11 64
-59 12
-31 -44
23 -40
38 -1
19 24
-3 29
-26 23
-45 -9
-18 -58
57 -53
86 38
-3 111
-120 42
-91 -109
78 -136
166 29
29 176
-164 91
-144 -129
75 -180
195 12
51 186
-155 105
-143 -107
52 -157
152 -1
43 127
-92 69
-75 -54
22 -66
45 4
-1 20
-1 -13
36 7
1 61
-84 26
-62 -93
85 -105
145 55
-9 173
-183 48
-109 -169
133 -164
203 79
-13 219
-212 54
-113 -182
133 -156
179 77
-20 178
-159 29
-63 -126
89 -80
78 54
-30 65
-44 -19
21 -26
16 37
-59 17
-35 -79
91 -64
104 91
-71 145
-181 -36
-16 -205
209 -77
141 194
-158 198
-245 -104
37 -274
282 -37
111 269
-236 179
-236 -185
121 -279
303 50
25 309
-296 101
-172 -266
218 -233
283 155
-81 316
-328 2
-85 -320
289 -167
236 236
-165 289
-321 -80
-11 -326
305 -97
172 259
-194 229
-262 -118
39 -269
252 -36
96 216
-166 136
-157 -112
60 -159
145 18
10 124
-100 24
-28 -81
70 -25
21 68
-74 21
-30 -84
92 -49
76 92
-81 107
-136 -55
18 -158
165 -29
78 156
-129 122
-156 -87
36 -174
171 -17
64 151
-117 100
-120 -75
34 -122
110 -4
27 87
-62 38
-35 -38
23 -24
8 21
-29 -6
11 -46
67 4
15 85
-95 44
-79 -93
75 -114
143 43
-1 160
-161 46
-91 -146
118 -129
154 80
-38 167
-167 2
-38 -157
140 -66
86 122
-106 101
-113 -92
81 -128
147 67
-48 170
-196 -20
-21 -219
233 -76
142 230
-206 213
-280 -156
82 -335
367 -14
119 368
-334 226
-321 -266
170 -393
432 53
74 432
-394 193
-292 -322
223 -364
403 111
4 404
-373 108
-194 -316
241 -256
290 158
-78 300
-289 -4
-58 -264
228 -104
139 188
-147 163
-179 -107
70 -188
192 32
6 190
-181 44
-81 -166
141 -115
143 108
-67 162
-168 -24
-22 -161
141 -62
92 110
-73 110
-113 -33
-3 -104
85 -31
47 59
-30 50
-45 -7
-10 -29
12 -17
15 -6
18 5
9 23
-20 24
-34 -10
-3 -39
36 -16
27 27
-16 32
-31 -2
-8 -22
10 -12
9 -2
12 -1
17 15
-10 33
-48 4
-24 -56
56 -50
76 43
-22 97
-111 9
-44 -113
103 -80
113 81
-50 137
-150 -12
-30 -152
142 -71
106 122
-92 135
-156 -57
16 -166
167 -25
64 157
-138 102
-134 -111
75 -159
175 33
13 180
-171 59
-104 -151
117 -142
169 73
-22 181
-178 31
-82 -159
123 -123
151 78
-26 162
-154 26
-72 -131
94 -105
122 50
-5 122
-107 35
-64 -80
47 -80
82 12
16 70
-50 36
-44 -27
5 -42
30 -11
19 14
3 16
-5 13
-17 11
-27 -12
-2 -41
46 -23
45 42
-27 67
-83 -3
-25 -88
83 -56
85 69
-45 108
-123 -13
-20 -129
125 -54
86 112
-92 113
-137 -67
38 -155
169 4
34 176
-175 75
-119 -166
145 -166
209 111
-64 247
-273 -2
-72 -284
272 -150
228 236
-175 297
-348 -93
-4 -374
368 -109
212 330
-263 299
-363 -171
63 -395
393 -51
156 356
-292 243
-304 -205
107 -334
333 9
78 303
-251 147
-193 -184
113 -214
212 45
12 190
-155 53
-77 -114
74 -85
78 38
-13 61
-40 2
-5 -18
-2 2
-16 -15
21 -36
56 17
-5 74
-90 14
-41 -98
99 -71
104 89
-69 135
-160 -39
-3 -178
184 -49
98 176
-152 146
-187 -115
64 -216
230 7
55 225
-202 111
-158 -164
112 -191
205 57
0 202
-181 47
-83 -150
112 -105
111 74
-42 105
-91 -20
10 -74
59 9
-17 51
-55 -26
33 -67
87 32
-19 109
-129 5
-40 -140
137 -81
122 119
-86 157
-181 -41
-10 -187
178 -61
107 150
-111 140
-158 -65
17 -159
145 -25
58 120
-88 77
-84 -57
29 -79
67 9
2 52
-37 5
-2 -26
22 5
-10 23
-28 -14
13 -35
42 7
2 46
-45 12
-20 -41
34 -28
30 25
-19 28
-24 -15
17 -20
18 21
-27 21
-28 -34
36 -42
59 33
-21 76
-90 -2
-23 -97
95 -51
80 82
-60 103
-118 -31
-2 -122
115 -35
62 99
-75 81
-89 -49
24 -89
82 3
11 69
-56 15
-15 -46
42 -11
6 44
-52 5
-11 -63
73 -24
45 80
-78 71
-98 -66
43 -122
139 11
28 146
-139 69
-107 -120
89 -138
159 48
-4 167
-161 39
-80 -144
116 -113
136 81
-42 149
-151 -3
-34 -143
127 -68
95 103
-74 116
-129 -41
6 -133
129 -29
63 114
-92 92
-115 -61
25 -128
129 -15
54 118
-95 90
-115 -61
20 -129
129 -24
64 113
-85 98
-120 -48
6 -129
121 -36
71 102
-72 96
-110 -36
1 -111
100 -31
55 81
-57 70
-74 -33
12 -71
63 -4
12 52
-43 16
-16 -36
34 -15
14 35
-38 17
-24 -43
44 -36
48 40
-32 62
-73 -18
0 -80
80 -20
40 74
-63 58
-70 -48
30 -78
81 12
5 78
-74 19
-32 -67
59 -43
51 51
-41 59
-67 -30
17 -74
78 1
17 78
-73 37
-55 -61
42 -70
78 19
8 78
-67 32
-51 -48
21 -61
61 -8
36 47
-22 55
-62 10
-42 -55
34 -72
91 1
40 95
-83 81
-114 -54
14 -137
142 -34
81 129
-100 120
-146 -59
13 -156
149 -32
69 126
-96 94
-104 -62
32 -101
88 11
-2 71
-58 -2
13 -53
59 25
-33 78
-105 -31
13 -137
165 -22
72 180
-177 132
-195 -152
103 -250
290 34
50 305
-295 137
-219 -254
190 -287
332 107
-16 349
-338 76
-158 -303
248 -223
268 180
-109 292
-296 -38
-25 -284
262 -78
123 232
-198 157
-185 -163
127 -207
227 89
-47 240
-249 -2
-49 -249
238 -101
153 214
-176 200
-237 -125
66 -261
265 0
64 253
-224 121
-167 -180
127 -197
209 72
-18 206
-189 28
-65 -164
133 -89
104 101
-73 111
-111 -48
27 -108
105 8
9 100
-93 25
-42 -84
71 -58
72 53
-30 81
-81 -4
-23 -72
54 -46
60 26
6 62
-51 37
-62 -25
-11 -76
74 -52
91 53
-16 122
-137 34
-90 -131
103 -143
183 53
10 206
-204 81
-148 -176
124 -204
239 56
23 248
-230 99
-165 -187
125 -212
234 51
22 232
-204 89
-140 -160
101 -172
182 40
15 172
-145 62
-96 -108
67 -112
114 26
9 105
-87 37
-55 -64
39 -64
66 17
4 63
-55 21
-35 -45
33 -47
55 19
-3 60
-63 16
-36 -60
52 -55
74 36
-14 87
-94 14
-43 -92
81 -73
99 58
-28 116
-123 8
-46 -119
101 -81
107 72
-36 123
-125 2
-40 -115
92 -71
91 61
-26 99
-93 9
-38 -75
49 -59
66 17
16 59
-40 42
-60 -13
-22 -64
55 -57
88 31
5 109
-116 50
-98 -106
78 -142
177 34
23 196
-197 86
-152 -176
134 -208
252 73
2 275
-274 81
-160 -249
198 -228
278 130
-49 306
-306 36
-117 -282
237 -184
234 174
-104 260
-265 -33
-31 -249
218 -83
119 180
-138 140
-147 -101
72 -147
143 50
-36 139
-142 -25
12 -149
161 -7
34 173
-180 70
-115 -176
156 -165
211 118
-65 246
-264 4
-77 -260
231 -148
208 180
-111 247
-261 -33
-45 -248
212 -110
157 155
-89 180
-176 -25
-29 -151
109 -66
81 60
-15 74
-49 19
-35 -12
-25 -30
10 -56
72 -26
66 70
-49 103
-129 -13
-32 -138
129 -79
120 101
-62 147
-158 -15
-31 -150
128 -69
93 96
-62 104
-101 -30
7 -88
71 -4
5 56
-48 -2
12 -51
63 18
-15 81
-103 -1
-26 -121
127 -63
107 118
-92 149
-181 -50
-5 -199
196 -65
122 172
-129 169
-199 -72
9 -207
194 -51
102 162
-116 137
-155 -65
15 -152
135 -28
59 105
-71 75
-77 -39
12 -68
53 -6
14 36
-20 13
-7 -10
6 1
-8 8
-14 -12
10 -21
26 5
2 27
-25 10
-15 -18
10 -18
15 2
2 8
-1 3
2 7
-12 10
-21 -12
6 -31
40 -5
20 43
-39 35
-49 -29
14 -59
62 -4
22 59
-49 36
-45 -36
23 -48
47 10
-2 41
-34 2
-2 -30
29 1
-4 33
-41 -4
-1 -51
60 -13
30 67
-65 53
-76 -56
36 -95
110 9
23 113
-106 55
-83 -87
60 -104
114 28
4 113
-101 32
-52 -82
60 -63
65 39
-23 59
-51 -14
12 -44
40 16
-21 43
-54 -25
22 -69
88 11
12 103
-111 43
-80 -105
86 -118
148 52
-6 166
-167 46
-98 -148
112 -142
170 62
-4 180
-168 54
-103 -136
90 -137
151 35
21 145
-119 67
-100 -78
30 -113
106 -19
59 82
-44 85
-94 0
-42 -84
58 -76
98 21
22 102
-91 63
-96 -64
27 -117
122 -15
56 113
-91 90
-114 -59
22 -126
125 -17
52 112
-90 79
-97 -62
31 -106
105 1
26 95
-80 48
-63 -59
36 -71
70 13
7 64
-51 23
-33 -35
15 -37
33 -3
18 21
-4 27
-28 17
-38 -21
3 -55
66 -23
54 65
-53 86
-114 -26
-12 -133
138 -59
108 125
-95 154
-190 -49
-11 -209
208 -78
142 184
-139 199
-239 -76
2 -257
250 -76
149 217
-164 208
-245 -94
16 -259
247 -61
128 212
-158 180
-210 -93
23 -217
203 -40
93 169
-124 131
-149 -72
21 -150
135 -24
59 109
-75 80
-89 -40
7 -85
73 -19
39 54
-31 49
-52 -9
-12 -47
37 -29
41 23
-6 48
-48 13
-30 -45
36 -46
60 22
-4 69
-74 17
-41 -72
63 -64
86 46
-21 102
-112 9
-43 -111
99 -77
108 77
-43 130
-142 -4
-40 -141
125 -82
118 97
-57 143
-153 -10
-38 -148
128 -81
116 94
-51 136
-140 -4
-41 -129
104 -78
102 69
-27 113
-109 13
-47 -92
65 -73
85 31
2 85
-73 31
-53 -52
27 -65
66 1
24 57
-43 40
-50 -24
5 -51
46 -11
23 37
-25 30
-31 -15
8 -29
26 3
-2 23
-23 -3
3 -26
33 1
5 40
-45 16
-31 -49
45 -49
67 33
-15 83
-92 11
-39 -93
83 -69
96 62
-33 115
-124 2
-41 -121
105 -75
104 81
-47 122
-129 -10
-25 -125
110 -56
81 87
-60 97
-103 -32
8 -101
94 -13
29 84
-74 40
-49 -65
57 -57
64 50
-43 74
-86 -32
18 -98
109 0
26 116
-116 57
-88 -107
87 -120
146 57
-18 164
-171 26
-71 -163
143 -114
150 111
-70 176
-189 -25
-22 -189
178 -67
105 157
-128 136
-160 -96
60 -176
185 24
12 188
-187 48
-85 -179
166 -122
161 144
-113 196
-228 -73
23 -252
264 -38
103 260
-238 171
-234 -196
137 -285
320 62
23 333
-321 108
-189 -285
227 -257
305 153
-70 329
-329 15
-94 -306
264 -160
208 210
-149 237
-250 -88
33 -247
233 -13
51 213
-192 78
-100 -172
153 -119
138 137
-119 157
-178 -101
75 -202
224 41
2 241
-249 52
-109 -244
223 -167
220 185
-133 264
-292 -69
-2 -302
294 -73
139 267
-222 194
-234 -168
108 -258
265 46
11 257
-237 61
-99 -209
178 -128
148 145
-115 161
-170 -88
64 -177
183 39
-16 188
-194 12
-44 -197
196 -80
119 187
-169 160
-198 -138
96 -231
255 45
13 265
-260 75
-134 -239
201 -187
229 152
-92 256
-267 -28
-36 -260
235 -93
141 199
-154 174
-194 -103
52 -199
191 7
31 172
-147 59
-76 -120
95 -84
85 73
-57 82
-79 -48
42 -78
80 40
-36 87
-98 -30
18 -111
123 -2
27 130
-130 59
-91 -120
100 -122
147 70
-30 163
-166 11
-54 -157
135 -92
120 103
-65 137
-141 -25
-12 -132
114 -43
63 90
-63 74
-75 -38
17 -67
57 4
3 45
-36 3
-1 -31
32 2
-3 36
-42 1
-10 -48
49 -24
40 45
-33 56
-67 -14
-9 -70
64 -34
57 48
-23 71
-76 7
-39 -70
50 -66
85 20
15 91
-83 52
-85 -62
30 -108
118 -10
51 114
-95 88
-118 -65
28 -135
139 -13
52 131
-113 85
-112 -86
56 -127
135 24
6 135
-129 33
-58 -120
108 -80
101 95
-77 120
-139 -56
28 -157
170 -7
48 174
-169 92
-140 -149
113 -182
216 64
-3 235
-234 63
-130 -212
167 -191
234 105
-32 255
-252 47
-120 -224
174 -181
221 106
-29 236
-227 45
-112 -192
140 -161
189 76
-9 195
-177 53
-103 -143
95 -137
153 44
7 151
-135 51
-85 -107
74 -108
121 40
-6 122
-118 24
-51 -108
95 -73
93 79
-60 112
-129 -37
8 -144
153 -27
67 154
-144 110
-154 -121
82 -193
223 31
32 237
-232 101
-168 -205
156 -228
272 90
-10 295
-292 76
-158 -263
210 -227
279 137
-52 306
-306 36
-120 -279
229 -192
243 161
-82 270
-273 -3
-74 -253
212 -137
183 157
-92 211
-217 -27
-35 -205
176 -88
130 136
-87 156
-168 -35
-16 -163
145 -63
103 116
-78 131
-148 -35
-13 -151
142 -59
101 120
-87 136
-160 -45
-5 -173
172 -55
106 156
-125 152
-188 -82
29 -212
222 -30
91 214
-189 149
-201 -150
96 -240
265 33
37 273
-261 106
-173 -231
184 -231
274 124
-53 301
-309 23
-101 -297
265 -172
233 215
-151 280
-307 -77
-1 -316
303 -77
148 271
-222 207
-249 -160
92 -273
278 20
46 265
-234 104
-150 -193
143 -181
197 91
-41 198
-187 4
-42 -167
141 -70
88 113
-85 98
-101 -59
38 -100
95 20
-4 89
-82 8
-19 -75
66 -28
37 58
-47 43
-48 -35
22 -49
46 9
3 39
-29 10
-13 -15
2 -9
0 -9
15 -15
32 13
-4 51
-64 14
-40 -72
69 -70
99 54
-29 124
-141 7
-49 -146
136 -93
133 112
-75 165
-184 -29
-21 -190
178 -71
114 152
-115 148
-167 -72
27 -172
164 -15
50 146
-121 74
-89 -93
67 -94
92 46
-32 85
-79 -24
20 -76
78 20
-18 84
-95 -11
-1 -108
118 -22
49 124
-120 82
-116 -106
80 -145
168 44
1 179
-175 47
-91 -158
126 -129
153 85
-40 165
-159 6
-44 -141
113 -73
88 80
-46 89
-80 -18
-2 -61
40 -9
4 18
-5 -10
31 -2
11 52
-68 31
-60 -76
71 -95
128 50
-17 155
-171 28
-79 -171
154 -130
177 121
-72 211
-231 -14
-48 -232
215 -108
162 181
-134 203
-229 -78
18 -240
233 -41
94 212
-180 139
-173 -140
94 -196
208 47
2 209
-200 48
-90 -181
155 -127
157 121
-81 179
-193 -36
-11 -195
185 -57
101 164
-131 139
-167 -90
42 -182
183 -9
57 169
-143 99
-130 -106
64 -150
154 17
24 146
-127 59
-86 -99
69 -103
109 39
-11 107
-100 13
-30 -90
81 -44
57 72
-63 70
-83 -53
41 -100
116 21
7 131
-139 42
-85 -138
121 -131
175 87
-37 209
-228 27
-101 -226
197 -174
240 144
-67 286
-305 25
-122 -293
247 -212
284 174
-77 328
-338 29
-133 -312
253 -222
285 168
-68 315
-309 32
-123 -270
206 -191
230 127
-44 238
-218 31
-88 -177
122 -122
132 65
-16 120
-93 18
-34 -59
27 -32
15 6
2 -8
31 -7
29 45
-45 57
-86 -30
-1 -107
114 -41
84 103
-73 122
-146 -28
-23 -151
135 -75
118 100
-52 143
-149 3
-56 -134
98 -96
119 51
0 122
-103 46
-78 -68
25 -93
88 -19
55 63
-27 75
-77 14
-52 -60
28 -76
85 -12
53 73
-44 85
-102 -3
-42 -99
77 -83
113 37
11 123
-113 61
-104 -82
37 -131
137 -17
70 122
-87 112
-137 -37
-18 -142
124 -70
111 87
-38 133
-135 14
-61 -116
81 -97
115 37
9 114
-95 50
-77 -64
25 -89
85 -13
44 64
-36 61
-64 -3
-26 -53
30 -46
54 2
26 48
-30 48
-59 -4
-25 -59
45 -50
68 20
8 74
-66 37
-61 -48
21 -75
78 -9
37 67
-47 58
-68 -21
-6 -68
56 -31
47 37
-12 53
-48 11
-29 -34
14 -40
39 -8
26 30
-13 38
-42 8
-29 -36
21 -45
53 -1
23 51
-40 44
-59 -20
-3 -64
59 -28
48 46
-24 62
-65 1
-26 -59
44 -46
58 21
4 60
-52 28
-46 -35
12 -57
57 -14
37 46
-27 55
-63 -2
-25 -62
49 -49
67 28
-1 76
-74 28
-54 -62
41 -74
85 14
15 86
-77 43
-64 -60
35 -79
84 9
17 81
-69 39
-55 -52
33 -64
66 13
5 62
-53 20
-29 -42
32 -34
34 21
-15 34
-32 -10
7 -32
33 4
0 35
-39 5
-13 -42
43 -23
37 40
-33 50
-62 -20
3 -71
75 -19
41 70
-59 63
-81 -40
15 -93
98 -12
41 93
-80 67
-89 -60
34 -105
112 4
26 112
-104 56
-83 -89
67 -105
122 39
-8 132
-135 24
-58 -130
118 -92
124 96
-67 152
-173 -27
-17 -184
183 -69
120 168
-137 170
-211 -91
31 -239
248 -37
109 237
-203 178
-235 -148
77 -274
290 -7
91 279
-242 171
-233 -182
105 -274
289 19
66 276
-238 140
-197 -180
110 -230
238 36
33 223
-189 88
-125 -142
92 -144
143 44
-6 130
-107 20
-33 -83
63 -34
29 52
-48 22
-19 -53
64 -24
39 73
-76 62
-91 -69
47 -120
141 12
32 151
-142 81
-129 -116
71 -165
183 13
48 181
-155 107
-153 -108
48 -179
181 -18
80 158
-114 128
-155 -55
-8 -157
134 -67
110 91
-35 133
-129 24
-77 -103
58 -112
126 2
55 116
-81 102
-131 -32
-27 -137
118 -83
127 79
-24 152
-154 36
-93 -132
90 -136
160 36
22 161
-141 76
-116 -103
56 -138
139 7
37 124
-96 67
-82 -62
30 -82
70 5
7 51
-33 6
5 -22
23 21
-36 37
-61 -42
34 -94
124 8
34 146
-150 88
-147 -133
91 -202
242 25
54 257
-243 139
-219 -198
125 -282
317 33
71 319
-285 168
-250 -220
129 -305
326 26
75 310
-261 165
-229 -186
97 -262
260 7
74 229
-174 133
-165 -103
33 -168
143 -30
72 99
-45 93
-86 9
-54 -58
14 -80
84 -37
86 65
-26 123
-142 26
-85 -139
112 -140
183 66
-5 206
-209 60
-125 -189
147 -180
218 91
-26 238
-235 42
-104 -213
174 -156
193 123
-66 213
-215 -7
-48 -202
175 -95
131 138
-94 155
-165 -48
3 -161
146 -38
72 121
-89 96
-108 -50
13 -109
96 -23
52 74
-43 71
-79 -6
-31 -72
52 -64
89 20
22 100
-96 67
-111 -75
36 -147
168 -14
73 173
-155 133
-188 -118
62 -230
253 -8
83 253
-229 157
-223 -183
118 -271
297 40
43 300
-277 121
-189 -234
173 -240
270 103
-29 278
-264 38
-97 -235
193 -142
169 145
-97 180
-179 -54
20 -168
153 -6
22 138
-125 33
-40 -118
116 -47
59 117
-118 76
-100 -117
108 -129
159 89
-58 188
-209 -16
-35 -219
213 -90
145 190
-151 192
-228 -97
34 -246
243 -33
96 221
-180 149
-186 -125
63 -204
200 1
55 177
-137 99
-124 -87
35 -131
118 -16
56 89
-48 81
-88 -2
-44 -77
50 -81
106 10
37 114
-105 85
-129 -79
40 -162
181 -10
65 185
-172 119
-169 -144
102 -209
238 51
8 254
-255 68
-129 -240
213 -185
234 173
-121 275
-304 -60
-8 -320
320 -79
152 304
-270 219
-282 -220
155 -331
367 79
7 381
-375 96
-180 -347
298 -258
321 231
-151 364
-386 -61
-28 -386
362 -115
191 319
-263 250
-293 -194
121 -318
323 49
20 313
-288 81
-129 -253
214 -167
195 169
-125 211
-219 -83
42 -220
215 6
28 204
-192 58
-83 -175
158 -106
127 138
-117 144
-159 -93
68 -172
181 42
-14 188
-191 16
-49 -191
185 -82
117 173
-155 151
-184 -128
92 -214
236 49
3 249
-250 59
-117 -236
208 -173
220 164
-107 257
-277 -41
-31 -279
261 -100
162 224
-171 212
-243 -107
37 -256
246 -33
95 219
-176 144
-177 -121
62 -191
187 4
45 167
-134 84
-110 -94
51 -120
116 12
23 102
-79 48
-63 -52
25 -67
63 -1
20 52
-35 34
-40 -18
1 -40
34 -14
24 24
-12 30
-31 0
-11 -27
18 -20
24 9
2 24
-19 12
-18 -10
-1 -22
19 -14
25 10
2 33
-35 20
-38 -30
17 -57
69 -3
30 75
-70 59
-88 -55
29 -112
127 -6
48 130
-119 90
-129 -93
55 -158
175 7
45 176
-160 96
-139 -129
85 -171
187 34
19 186
-170 67
-106 -140
102 -133
147 59
-19 145
-133 16
-42 -112
88 -57
63 65
-47 60
-54 -34
29 -47
41 30
-34 43
-48 -39
40 -60
74 36
-25 90
-103 -7
-17 -112
112 -45
73 104
-87 98
-119 -63
35 -131
135 4
26 131
-119 52
-73 -103
83 -89
98 64
-45 104
-106 -27
10 -107
108 -5
19 108
-108 37
-55 -105
99 -77
99 87
-69 121
-141 -43
10 -154
157 -27
68 151
-131 106
-140 -100
60 -163
174 12
38 168
-147 84
-121 -113
68 -146
154 17
34 146
-120 77
-110 -79
32 -126
124 -20
66 103
-66 102
-122 -18
-35 -124
105 -86
127 67
-16 153
-159 43
-102 -142
106 -152
187 52
12 202
-195 78
-138 -165
116 -185
213 54
13 219
-201 77
-130 -165
114 -166
183 58
-1 179
-158 48
-82 -123
82 -100
102 42
-9 88
-65 13
-20 -39
16 -15
-2 -1
5 -25
47 -5
25 65
-71 54
-87 -65
45 -118
141 12
29 153
-150 74
-117 -133
103 -154
181 61
-14 195
-196 34
-81 -183
159 -123
157 127
-88 181
-196 -46
2 -201
198 -42
84 185
-164 124
-159 -133
94 -188
207 48
4 215
-209 57
-109 -187
152 -155
188 103
-47 205
-204 13
-69 -186
150 -115
147 101
-47 160
-152 7
-52 -128
91 -84
98 46
-3 93
-71 33
-54 -39
3 -60
49 -31
56 23
10 65
-60 44
-73 -39
7 -90
92 -31
66 78
-50 92
-106 -13
-26 -102
84 -60
82 54
-18 91
-84 17
-45 -64
35 -60
61 2
26 49
-25 43
-48 3
-31 -38
17 -50
58 -10
40 52
-31 64
-76 -2
-31 -74
58 -60
81 30
6 86
-76 41
-69 -52
17 -83
82 -22
58 63
-29 82
-90 12
-56 -78
50 -90
112 7
43 114
-96 90
-128 -59
9 -151
151 -47
102 131
-92 143
-170 -41
-16 -175
160 -70
115 129
-85 144
-156 -36
-9 -151
131 -48
74 104
-74 86
-87 -46
25 -81
70 13
-9 61
-57 -10
13 -61
70 11
-5 84
-97 11
-36 -106
106 -68
103 94
-69 133
-156 -31
-15 -165
158 -62
107 134
-98 142
-161 -50
0 -165
149 -48
86 119
-80 109
-116 -37
-4 -107
85 -34
53 54
-21 55
-43 9
-28 -21
-7 -35
29 -36
60 8
22 74
-72 57
-90 -58
29 -117
133 -8
51 135
-121 93
-129 -95
57 -156
169 13
32 168
-154 75
-109 -130
97 -135
150 61
-25 155
-152 8
-36 -142
128 -60
78 112
-97 93
-107 -81
65 -119
131 48
-28 143
-155 -3
-28 -161
162 -61
100 155
-137 139
-175 -107
66 -205
223 15
42 227
-215 100
-154 -186
141 -199
231 85
-21 244
-239 41
-102 -216
176 -151
186 126
-69 204
-204 -13
-39 -188
159 -80
108 122
-83 122
-123 -44
13 -113
97 -9
22 78
-59 26
-23 -47
40 -17
11 41
-47 8
-11 -57
66 -23
41 71
-70 62
-85 -60
40 -106
121 13
21 127
-121 56
-89 -104
76 -116
132 41
-3 136
-129 34
-67 -110
83 -91
105 51
-16 106
-97 13
-36 -79
57 -50
54 34
-13 49
-38 1
-8 -24
10 -8
0 -1
6 -11
25 3
7 37
-41 23
-43 -40
28 -61
75 10
15 81
-78 42
-68 -65
43 -88
99 13
19 99
-89 49
-75 -67
38 -91
96 6
26 89
-71 52
-69 -46
16 -76
71 -12
36 56
-34 50
-55 -9
-15 -49
35 -33
43 15
7 43
-34 25
-38 -18
-1 -42
37 -20
34 23
-6 41
-39 15
-31 -28
11 -41
43 -12
32 34
-16 47
-54 9
-34 -50
35 -59
76 10
22 84
-77 57
-88 -57
26 -113
124 -13
56 122
-106 99
-134 -74
32 -158
169 -16
67 164
-144 115
-155 -110
65 -185
202 13
43 204
-190 96
-147 -161
120 -188
218 69
-10 233
-233 52
-115 -214
178 -170
215 128
-66 245
-254 4
-74 -244
212 -139
192 161
-96 226
-238 -25
-46 -226
191 -107
152 140
-78 174
-173 -15
-41 -150
108 -80
98 57
-5 92
-66 36
-60 -24
-25 -61
37 -71
102 -7
63 110
-92 124
-175 -47
-21 -206
209 -101
182 180
-120 251
-295 -35
-65 -307
281 -166
255 220
-132 318
-347 -25
-86 -338
292 -186
263 215
-120 308
-318 -19
-77 -294
243 -154
205 173
-95 228
-223 -21
-40 -196
156 -82
104 110
-67 108
-98 -33
12 -81
65 3
-3 51
-47 -7
11 -49
58 9
-1 68
-76 15
-37 -78
69 -60
80 51
-24 93
-94 5
-33 -85
66 -56
68 40
-11 67
-56 12
-27 -36
14 -30
21 -6
20 4
18 21
-11 39
-53 10
-38 -57
46 -67
92 22
13 104
-102 52
-89 -85
53 -117
133 11
34 131
-113 75
-107 -81
40 -124
124 -2
40 109
-84 69
-83 -51
18 -84
71 -10
27 51
-30 31
-25 -10
-1 -11
-6 -2
-8 -20
26 -26
48 22
-6 66
-78 21
-52 -77
62 -84
110 35
5 124
-123 48
-90 -105
72 -125
145 28
23 149
-135 71
-112 -103
61 -139
150 11
39 143
-120 82
-114 -85
42 -132
134 -4
45 123
-99 79
-103 -68
31 -116
117 -6
40 107
-89 69
-91 -64
35 -105
110 4
28 107
-96 57
-83 -77
52 -103
117 21
14 120
-113 49
-81 -96
69 -109
125 35
4 131
-123 43
-77 -103
74 -102
117 37
-1 117
-105 33
-60 -82
54 -75
78 24
2 68
-50 20
-26 -28
6 -21
6 -8
12 -16
38 4
16 55
-61 47
-81 -53
31 -112
135 -6
53 143
-134 104
-152 -105
59 -189
210 0
63 211
-190 126
-179 -149
94 -217
236 31
36 234
-214 96
-146 -176
129 -181
200 77
-26 203
-194 20
-58 -176
153 -89
111 129
-105 128
-141 -80
55 -152
162 30
0 169
-173 34
-71 -169
156 -112
151 132
-94 186
-210 -44
-12 -219
209 -73
130 181
-134 175
-205 -75
8 -212
197 -56
112 160
-106 150
-166 -43
-20 -157
127 -73
110 78
-20 124
-114 40
-89 -80
28 -121
129 -33
94 112
-70 145
-176 -10
-60 -183
163 -131
192 117
-50 232
-247 29
-110 -234
194 -182
237 131
-54 267
-271 29
-106 -249
203 -171
216 141
-70 239
-238 -1
-62 -215
179 -110
143 131
-83 159
-158 -37
-2 -145
125 -31
50 103
-79 60
-63 -61
45 -63
60 33
-25 59
-60 -18
11 -61
61 2
9 61
-59 21
-32 -53
41 -42
49 28
-13 52
-48 2
-15 -40
28 -24
27 14
0 25
-16 12
-20 -4
-9 -21
17 -23
35 8
6 43
-46 22
-38 -44
36 -55
69 22
-6 80
-86 14
-35 -86
82 -59
82 71
-54 103
-120 -31
3 -132
137 -29
65 133
-119 100
-133 -95
60 -159
174 18
28 177
-167 75
-118 -142
105 -151
171 60
-10 178
-168 37
-80 -145
111 -109
126 71
-31 129
-119 5
-32 -99
72 -49
54 46
-24 49
-37 -9
2 -22
8 4
-13 -1
3 -25
37 -2
14 46
-48 30
-46 -43
31 -59
67 14
3 69
-63 20
-32 -53
39 -39
39 27
-18 35
-28 -14
16 -21
18 22
-31 21
-31 -39
42 -47
66 39
-28 86
-102 -8
-20 -112
112 -52
82 102
-82 110
-130 -54
22 -141
142 -11
42 134
-120 67
-86 -103
85 -100
110 67
-53 118
-127 -37
22 -137
148 2
24 161
-168 57
-98 -168
155 -144
191 128
-84 232
-262 -25
-46 -274
263 -121
193 228
-171 254
-295 -98
12 -312
301 -75
153 265
-207 214
-254 -136
58 -269
260 -17
80 229
-185 127
-156 -134
82 -166
161 38
-1 145
-124 23
-37 -104
87 -45
48 75
-68 51
-59 -63
58 -68
82 49
-34 95
-105 -12
-15 -110
104 -44
72 88
-63 95
-108 -32
-3 -111
100 -37
64 78
-50 82
-88 -18
-11 -83
68 -37
53 47
-24 61
-59 -2
-15 -51
40 -28
34 28
-18 34
-34 -11
7 -35
37 5
-2 42
-50 5
-17 -59
64 -36
60 62
-53 86
-112 -30
-3 -132
140 -44
91 134
-111 137
-176 -71
18 -202
209 -43
105 196
-163 162
-207 -115
53 -235
243 -15
81 231
-199 140
-187 -152
96 -216
229 35
21 225
-206 75
-119 -175
136 -151
171 94
-51 180
-179 -9
-29 -170
153 -62
89 131
-106 110
-123 -79
50 -132
134 22
4 130
-121 28
-47 -108
93 -63
75 78
-62 83
-89 -49
35 -93
97 23
-9 101
-106 7
-26 -109
109 -48
73 104
-92 100
-125 -70
40 -146
158 1
42 159
-145 85
-124 -119
80 -154
170 33
18 171
-154 66
-105 -124
83 -130
140 38
6 134
-114 41
-65 -85
54 -74
71 25
-3 58
-40 7
-6 -22
10 5
-22 8
-18 -37
47 -38
65 45
-30 93
-116 -1
-40 -127
121 -86
130 96
-55 166
-186 -2
-59 -187
166 -118
169 125
-70 202
-216 -5
-59 -207
179 -117
161 134
-80 188
-196 -24
-29 -186
163 -73
105 132
-96 125
-135 -62
32 -135
131 5
16 124
-118 35
-53 -111
103 -72
91 93
-77 113
-134 -54
23 -150
159 -15
56 156
-141 98
-136 -111
71 -163
176 21
31 174
-153 80
-119 -118
73 -143
150 23
26 139
-112 65
-92 -74
30 -101
93 -12
45 70
-36 67
-73 4
-42 -61
36 -74
92 -2
46 95
-81 89
-126 -49
5 -151
159 -49
104 150
-121 155
-197 -75
15 -224
231 -51
121 217
-182 185
-238 -128
58 -273
285 -21
102 274
-237 178
-238 -181
107 -281
299 23
62 291
-257 140
-203 -202
131 -246
262 53
25 254
-222 93
-144 -172
112 -174
181 50
7 167
-137 51
-78 -97
54 -87
79 16
13 58
-30 27
-26 -1
-23 -12
-12 -36
36 -39
64 22
1 81
-87 31
-63 -81
62 -90
109 34
-1 118
-114 32
-63 -100
77 -84
97 51
-25 101
-95 0
-18 -86
74 -31
38 63
-54 41
-43 -48
45 -47
53 43
-39 62
-74 -32
20 -87
96 1
22 101
-98 48
-74 -87
67 -96
113 40
-8 120
-116 24
-53 -103
81 -77
91 54
-26 95
-90 0
-20 -77
61 -33
40 43
-27 38
-31 -16
11 -23
14 12
-18 10
-10 -26
33 -16
27 39
-39 41
-59 -33
20 -73
83 1
23 87
-84 47
-72 -72
51 -91
105 26
3 110
-105 32
-59 -93
73 -82
96 48
-19 102
-99 8
-33 -89
72 -52
64 52
-31 69
-67 -10
-7 -60
48 -18
24 36
-23 25
-21 -14
9 -14
7 8
-13 2
-1 -20
27 -4
12 33
-35 22
-35 -33
25 -48
57 12
4 62
-59 22
-37 -51
38 -49
55 22
-7 54
-48 6
-14 -39
29 -17
14 21
-18 7
0 -21
29 5
-3 43
-58 7
-26 -69
73 -53
85 65
-44 114
-137 -11
-34 -149
143 -84
133 120
-78 172
-197 -24
-40 -201
183 -102
156 143
-88 192
-208 -23
-42 -200
170 -99
141 123
-66 162
-160 -10
-39 -139
103 -74
89 60
-20 86
-65 14
-31 -36
3 -31
15 -24
39 -14
47 37
-18 78
-98 16
-58 -101
86 -102
140 53
-4 161
-164 51
-107 -146
109 -153
184 55
7 192
-180 66
-119 -147
99 -155
172 43
14 169
-146 64
-100 -110
65 -122
125 19
23 112
-87 54
-74 -55
21 -79
74 -11
36 57
-35 54
-62 -9
-16 -60
50 -40
58 35
-14 71
-77 9
-35 -76
68 -60
83 54
-32 102
-116 -4
-29 -122
117 -65
100 103
-76 131
-155 -40
-2 -167
166 -51
97 151
-122 138
-168 -81
32 -184
184 -20
67 170
-141 108
-137 -103
61 -152
154 19
18 144
-125 48
-69 -101
77 -80
84 54
-35 82
-78 -22
12 -75
73 4
3 72
-73 12
-23 -73
71 -38
53 63
-50 67
-78 -34
13 -83
80 -9
28 69
-53 43
-49 -33
14 -47
37 -3
11 20
-3 12
-2 13
-22 13
-35 -23
13 -57
72 -7
35 81
-78 65
-97 -63
37 -121
136 1
39 139
-129 78
-113 -107
75 -140
155 37
2 160
-152 40
-73 -137
114 -100
120 89
-62 132
-139 -34
6 -141
139 -19
45 133
-123 69
-93 -109
90 -115
133 65
-34 145
-150 0
-33 -146
132 -65
93 109
-80 112
-121 -49
18 -120
109 -10
29 92
-73 39
-40 -55
43 -33
24 38
-43 16
-14 -54
70 -21
38 84
-91 66
-101 -89
70 -137
170 37
11 192
-197 68
-129 -182
147 -186
230 93
-24 256
-258 52
-125 -236
192 -188
237 129
-54 260
-261 23
-94 -238
194 -154
196 137
-72 217
-216 -8
-50 -198
166 -97
130 124
-78 147
-150 -34
-6 -142
125 -38
61 102
-79 77
-86 -55
33 -90
89 12
5 86
-81 21
-36 -75
66 -51
65 55
-40 78
-88 -22
0 -95
97 -24
49 92
-80 74
-97 -63
38 -115
127 6
28 131
-125 65
-99 -108
81 -129
152 46
-5 165
-167 41
-85 -155
130 -127
162 94
-49 185
-193 1
-54 -188
168 -102
143 135
-91 172
-187 -42
-8 -188
173 -55
93 147
-114 122
-137 -77
39 -142
136 5
22 123
-105 41
-53 -88
71 -59
62 58
-49 63
-64 -43
38 -68
75 33
-25 84
-92 -13
-4 -101
104 -24
46 101
-93 69
-89 -77
57 -104
115 34
-9 118
-116 14
-35 -108
99 -51
66 88
-77 77
-88 -67
55 -100
113 43
-25 127
-139 -3
-27 -148
151 -63
103 143
-121 144
-180 -86
38 -207
218 -21
83 211
-183 142
-193 -136
73 -226
236 3
68 224
-187 131
-177 -133
67 -202
202 -2
65 179
-136 113
-141 -82
25 -147
131 -28
69 98
-55 90
-93 -9
-29 -77
49 -56
66 12
22 60
-39 49
-62 -10
-23 -60
44 -50
66 15
18 69
-55 48
-70 -27
-8 -78
69 -45
76 45
-8 95
-97 36
-80 -80
45 -116
135 -3
58 136
-116 112
-156 -75
19 -184
192 -46
111 177
-139 168
-212 -84
17 -235
236 -56
125 214
-172 186
-229 -115
47 -255
259 -26
95 243
-208 156
-204 -159
100 -238
253 35
31 251
-232 94
-148 -198
152 -192
222 96
-34 235
-231 29
-87 -210
174 -137
174 125
-69 195
-197 -12
-44 -182
152 -91
124 109
-60 140
-139 -8
-36 -120
89 -70
88 48
-5 90
-74 34
-62 -46
8 -77
74 -33
68 56
-25 94
-106 15
-59 -102
82 -97
127 48
-4 143
-144 41
-85 -128
98 -121
146 60
-15 156
-151 28
-65 -135
108 -95
114 77
-46 121
-120 -15
-11 -112
99 -31
43 84
-70 52
-56 -58
49 -58
61 43
-37 66
-71 -31
24 -78
85 13
1 92
-96 18
-37 -97
93 -58
79 84
-68 98
-114 -49
25 -126
133 -2
30 134
-128 61
-89 -115
95 -115
138 68
-37 153
-160 -1
-39 -157
145 -76
109 122
-91 136
-152 -53
12 -157
150 -28
63 132
-103 90
-105 -71
37 -109
101 7
15 84
-63 26
-27 -43
28 -19
4 21
-26 -10
21 -42
64 21
-9 90
-111 18
-56 -123
119 -102
150 95
-51 189
-214 8
-78 -216
193 -147
209 145
-75 253
-271 7
-94 -258
217 -171
230 150
-66 263
-264 22
-104 -235
179 -169
208 106
-27 218
-198 47
-106 -155
96 -140
148 32
26 132
-96 69
-91 -48
-1 -90
68 -41
66 32
10 71
-56 48
-74 -25
-15 -83
72 -55
87 44
-3 102
-98 43
-82 -75
36 -109
118 -12
61 103
-70 100
-122 -22
-31 -123
101 -80
118 61
-7 136
-133 50
-101 -105
59 -139
155 2
57 149
-120 111
-148 -74
17 -165
162 -41
92 137
-98 129
-148 -49
-1 -150
134 -43
76 107
-74 94
-99 -42
14 -94
81 -5
14 67
-57 17
-15 -51
52 -13
15 60
-69 24
-42 -77
78 -65
94 69
-49 121
-143 -18
-23 -155
153 -69
115 134
-101 154
-181 -56
4 -193
189 -50
100 169
-134 142
-170 -89
40 -184
183 -9
55 169
-146 92
-120 -114
78 -138
147 41
-6 147
-139 26
-55 -125
106 -80
98 83
-57 112
-119 -27
-3 -120
112 -33
59 97
-74 80
-94 -46
15 -98
92 -15
40 75
-52 58
-67 -25
-3 -63
50 -28
44 28
-2 50
-45 25
-47 -27
2 -61
63 -27
55 53
-31 79
-93 -1
-32 -95
84 -65
93 61
-30 112
-118 6
-41 -112
95 -72
95 69
-39 108
-110 -7
-21 -103
89 -44
60 71
-51 68
-71 -33
19 -70
67 7
2 63
-61 8
-16 -59
59 -24
34 57
-54 46
-59 -46
35 -71
81 18
2 85
-83 22
-43 -74
61 -60
70 41
-21 75
-71 -2
-14 -63
51 -24
27 39
-29 26
-21 -23
23 -15
12 29
-38 14
-23 -47
54 -39
61 53
-43 86
-108 -22
-11 -124
128 -51
95 117
-91 135
-166 -48
-4 -182
180 -62
121 156
-113 168
-200 -55
-14 -209
195 -82
143 156
-99 186
-207 -29
-44 -203
172 -112
164 120
-52 194
-197 23
-94 -174
126 -151
188 60
14 198
-180 88
-150 -137
74 -194
211 0
76 201
-166 144
-196 -109
37 -225
228 -39
111 205
-159 172
-214 -98
27 -232
227 -45
108 200
-157 159
-193 -102
43 -206
202 -16
67 183
-151 106
-134 -112
71 -149
152 32
3 144
-131 32
-54 -114
95 -70
81 76
-58 88
-92 -41
25 -94
95 10
6 94
-92 21
-36 -87
79 -51
64 70
-58 74
-84 -44
30 -91
95 14
3 98
-98 20
-37 -96
91 -56
74 82
-70 92
-110 -53
30 -125
135 2
31 138
-134 65
-99 -118
92 -131
154 56
-13 167
-167 34
-81 -152
122 -120
149 82
-33 164
-162 18
-66 -144
111 -103
127 68
-20 135
-126 26
-64 -101
64 -91
101 23
18 95
-74 54
-78 -43
5 -88
83 -33
66 63
-33 88
-97 3
-39 -92
76 -70
94 49
-17 107
-107 15
-46 -97
79 -70
86 56
-32 93
-95 -9
-10 -90
83 -25
38 75
-68 47
-57 -60
54 -65
76 48
-38 89
-102 -23
4 -113
121 -22
51 122
-114 83
-114 -96
68 -140
159 33
8 167
-162 51
-91 -146
118 -126
149 83
-43 163
-164 -3
-34 -156
139 -66
91 116
-91 107
-117 -66
42 -122
124 21
-1 123
-123 17
-36 -121
118 -58
81 110
-98 106
-132 -79
51 -155
171 13
29 178
-172 76
-123 -152
116 -163
193 69
-13 207
-205 47
-102 -183
145 -150
185 93
-33 201
-196 28
-83 -174
134 -129
158 84
-29 168
-161 25
-72 -136
99 -107
127 54
-9 129
-117 35
-69 -92
60 -92
102 23
13 99
-85 44
-69 -63
35 -84
89 6
22 85
-73 47
-66 -55
33 -80
85 8
16 84
-76 38
-57 -63
46 -73
82 25
-2 86
-82 21
-42 -74
59 -59
71 40
-19 78
-77 4
-24 -69
55 -40
51 38
-20 53
-49 -4
-10 -41
27 -17
17 14
-4 11
-2 1
-1 10
-21 7
-21 -26
25 -39
56 14
4 69
-75 30
-58 -70
54 -85
106 26
9 117
-114 47
-84 -98
66 -113
132 28
15 134
-122 57
-93 -96
59 -116
124 18
23 117
-97 57
-81 -67
32 -91
87 -1
29 71
-48 45
-50 -22
-1 -44
30 -18
25 11
8 21
-9 22
-28 8
-26 -25
12 -42
51 -7
30 50
-39 51
-67 -21
-5 -74
71 -30
54 58
-38 72
-79 -11
-15 -78
68 -38
54 52
-32 64
-66 -12
-5 -62
54 -18
26 45
-37 30
-33 -31
28 -35
41 26
-24 49
-60 -17
5 -72
81 -13
39 85
-80 67
-97 -64
34 -121
137 -3
48 138
-123 94
-135 -93
48 -163
175 -6
63 168
-141 114
-154 -99
45 -177
179 -15
70 162
-129 114
-144 -82
30 -155
147 -18
60 125
-92 89
-104 -54
17 -103
92 -14
36 72
-48 47
-48 -27
11 -43
33 1
3 24
-17 3
0 -14
15 2
-2 19
-23 2
-10 -25
22 -20
28 14
-1 33
-32 14
-28 -23
8 -38
41 -12
33 35
-19 50
-60 5
-33 -60
47 -61
83 22
11 94
-90 49
-85 -72
41 -112
126 -1
46 123
-104 89
-122 -70
25 -141
143 -24
70 127
-96 108
-132 -55
8 -140
131 -37
75 106
-73 101
-112 -35
-3 -110
96 -36
58 74
-48 72
-75 -22
0 -70
59 -17
29 48
-35 35
-37 -25
16 -38
39 9
-2 40
-42 6
-17 -42
40 -30
44 34
-21 57
-65 -1
-21 -67
61 -47
70 43
-17 86
-91 15
-49 -84
64 -81
104 31
8 113
-106 51
-89 -83
45 -117
129 -1
50 123
-98 94
-126 -56
6 -142
135 -49
97 109
-65 133
-150 -11
-46 -145
117 -98
137 73
-17 155
-152 42
-95 -125
82 -135
154 26
33 153
-128 85
-125 -88
35 -145
145 -20
71 123
-86 109
-127 -38
-13 -126
106 -59
91 71
-27 107
-103 19
-58 -81
46 -85
94 3
39 86
-60 74
-96 -21
-24 -100
86 -67
102 55
-12 122
-125 36
-84 -109
76 -123
148 30
24 155
-142 77
-122 -111
65 -155
169 12
42 164
-141 92
-130 -103
57 -153
159 6
43 148
-122 82
-110 -86
45 -124
122 5
32 109
-85 57
-73 -56
26 -76
70 0
19 56
-36 30
-31 -18
1 -25
13 -9
12 -1
13 7
5 23
-26 19
-36 -21
8 -50
58 -12
34 57
-47 58
-77 -27
0 -90
91 -34
68 80
-55 97
-118 -20
-24 -126
117 -71
115 90
-48 149
-167 7
-69 -166
140 -131
183 93
-26 218
-230 51
-133 -213
166 -209
267 93
-1 299
-298 101
-202 -262
192 -287
346 94
21 370
-355 141
-252 -299
209 -337
391 93
33 402
-372 155
-260 -304
205 -337
375 89
29 372
-332 138
-221 -261
170 -274
292 72
19 276
-233 93
-142 -173
105 -164
160 42
7 134
-98 37
-47 -58
24 -39
16 3
3 -10
35 -8
31 51
-52 61
-90 -40
12 -115
125 -24
64 121
-103 100
-127 -73
35 -143
144 -4
39 133
-113 66
-83 -88
64 -91
91 44
-30 87
-83 -22
17 -83
89 14
-7 99
-112 6
-28 -125
132 -60
97 127
-110 138
-173 -77
30 -199
210 -24
83 203
-176 138
-183 -133
76 -212
221 15
44 211
-184 96
-134 -145
99 -156
162 52
-11 155
-139 20
-40 -119
100 -54
59 83
-72 61
-67 -66
62 -75
87 56
-46 103
-120 -28
1 -134
139 -32
71 134
-114 108
-139 -82
39 -160
164 -9
56 152
-124 96
-124 -86
40 -136
130 -4
41 111
-81 66
-76 -46
14 -71
55 -9
21 32
-8 20
-6 11
-18 14
-37 -12
-6 -56
65 -33
65 61
-40 95
-116 -7
-35 -123
114 -80
119 88
-47 149
-163 4
-57 -158
133 -107
145 94
-43 167
-173 11
-63 -159
130 -107
139 90
-43 155
-156 5
-48 -143
119 -84
109 87
-52 124
-128 -16
-18 -122
110 -48
73 91
-67 91
-103 -39
11 -107
104 -18
45 93
-76 68
-86 -51
23 -95
95 -8
38 85
-65 62
-78 -37
5 -82
74 -27
53 54
-26 69
-73 7
-40 -63
39 -66
81 5
32 82
-66 69
-97 -36
-5 -112
109 -49
92 90
-55 125
-144 -7
-44 -143
124 -92
131 89
-41 155
-161 12
-62 -147
118 -105
134 76
-29 146
-141 18
-58 -121
90 -87
103 54
-19 103
-92 13
-36 -74
51 -48
51 27
-8 45
-33 5
-10 -20
8 -10
5 -1
5 -4
13 3
1 20
-24 9
-18 -24
22 -27
34 15
-8 38
-42 0
-10 -42
41 -19
28 39
-34 36
-45 -29
20 -52
59 10
4 64
-65 21
-38 -61
52 -55
70 37
-17 80
-82 6
-29 -79
66 -51
68 48
-24 77
-79 1
-25 -71
55 -45
56 34
-10 59
-53 11
-27 -40
21 -38
40 2
18 33
-18 31
-38 0
-20 -36
26 -37
50 9
11 55
-50 32
-52 -39
21 -65
72 -2
25 71
-61 47
-65 -44
23 -75
78 1
22 74
-63 42
-57 -47
28 -66
68 8
12 65
-55 28
-40 -41
26 -47
48 10
5 43
-35 16
-24 -24
11 -26
23 0
10 16
-6 14
-14 4
-14 -9
1 -20
22 -12
23 19
-10 34
-40 3
-19 -41
34 -35
47 21
-4 54
-54 15
-34 -46
31 -49
56 10
11 56
-45 32
-45 -28
6 -51
48 -18
38 34
-13 50
-53 12
-38 -45
27 -59
70 -1
32 70
-57 62
-86 -33
1 -100
100 -36
72 86
-61 101
-121 -26
-15 -126
118 -53
88 98
-67 112
-128 -32
-5 -129
122 -40
69 106
-83 91
-106 -58
31 -115
118 4
21 117
-111 46
-71 -102
86 -95
117 65
-37 135
-148 -3
-38 -152
143 -82
125 119
-82 161
-185 -31
-28 -192
178 -89
143 143
-90 185
-206 -25
-46 -203
174 -112
163 124
-58 194
-198 15
-85 -176
129 -141
174 64
8 181
-160 75
-129 -114
53 -160
165 -17
81 143
-98 131
-159 -37
-29 -160
136 -90
137 91
-32 162
-162 32
-89 -139
95 -134
157 40
19 158
-139 71
-112 -103
57 -135
140 7
37 128
-102 72
-94 -68
32 -102
98 0
27 85
-66 44
-54 -45
27 -56
54 12
0 49
-44 9
-15 -39
34 -21
27 29
-22 34
-39 -14
2 -42
42 -13
26 36
-25 39
-46 -9
-11 -48
41 -30
46 27
-7 55
-56 17
-40 -47
29 -57
67 5
21 66
-56 45
-63 -36
12 -72
71 -14
35 60
-42 52
-59 -21
1 -57
48 -15
25 34
-19 25
-21 -9
3 -11
1 5
-14 -5
6 -26
38 -2
17 48
-49 37
-59 -43
26 -77
90 1
29 92
-83 58
-83 -64
38 -99
105 7
22 99
-83 45
-61 -64
42 -66
64 23
-12 56
-47 -8
10 -42
44 17
-22 53
-70 -21
11 -91
111 -12
46 122
-121 88
-132 -102
66 -172
199 14
49 206
-191 113
-171 -152
94 -213
233 25
47 227
-197 113
-162 -147
85 -189
191 20
37 171
-133 78
-99 -87
42 -100
83 6
14 54
-24 15
1 1
-10 27
-57 -1
-25 -81
88 -66
111 77
-43 151
-176 10
-75 -179
155 -141
196 104
-32 229
-233 49
-131 -205
147 -196
237 67
25 244
-216 113
-184 -155
72 -227
235 -22
112 205
-145 185
-228 -60
-35 -235
207 -126
200 146
-63 246
-257 32
-125 -234
179 -202
253 101
-11 275
-265 77
-156 -227
166 -216
251 91
-15 260
-246 57
-118 -212
165 -163
189 113
-60 200
-196 -11
-31 -182
162 -64
90 137
-112 108
-121 -86
60 -127
131 36
-13 131
-127 9
-29 -120
109 -47
62 97
-83 73
-81 -69
57 -86
89 46
-37 92
-98 -29
21 -105
115 10
6 126
-136 27
-56 -142
141 -91
129 130
-106 166
-200 -69
22 -223
232 -34
95 224
-198 152
-200 -157
102 -236
253 39
26 252
-231 87
-138 -197
149 -174
195 98
-46 199
-190 0
-38 -170
144 -66
82 117
-91 90
-91 -70
55 -89
86 44
-37 85
-87 -32
27 -92
100 18
-6 108
-115 11
-32 -120
118 -55
81 112
-98 104
-126 -78
52 -143
156 23
9 160
-158 42
-74 -148
130 -104
130 106
-77 149
-162 -45
9 -167
163 -26
59 152
-134 88
-110 -109
83 -126
135 54
-27 136
-132 -3
-19 -125
116 -35
48 108
-99 61
-72 -93
87 -87
104 77
-65 123
-143 -44
17 -161
172 -21
63 174
-161 110
-155 -134
93 -193
218 37
25 224
-209 90
-148 -175
122 -191
216 58
13 218
-196 78
-131 -155
97 -166
178 33
29 166
-135 80
-115 -89
35 -129
123 -17
60 98
-60 88
-99 -16
-26 -92
70 -59
80 40
-4 86
-78 27
-51 -60
37 -65
68 13
7 62
-49 21
-27 -36
25 -26
20 19
-20 14
-12 -27
35 -17
27 42
-44 44
-65 -39
23 -84
98 -1
32 103
-95 65
-93 -75
46 -115
125 10
27 121
-104 60
-83 -78
45 -94
92 15
11 79
-58 25
-28 -37
19 -21
4 10
-13 -14
29 -29
53 34
-27 82
-109 -5
-33 -128
131 -80
130 115
-80 175
-208 -28
-37 -221
213 -106
171 180
-126 224
-256 -57
-19 -265
250 -94
160 212
-157 211
-241 -91
21 -250
237 -44
101 209
-168 144
-171 -121
72 -185
186 27
13 177
-163 47
-74 -145
125 -98
118 103
-79 135
-151 -52
21 -163
169 -15
55 167
-156 97
-136 -133
96 -173
200 49
6 212
-209 66
-125 -187
148 -177
217 93
-28 239
-240 43
-112 -221
182 -174
221 124
-54 251
-257 20
-94 -242
205 -160
213 151
-83 247
-260 -9
-64 -251
221 -133
187 174
-114 225
-244 -46
-22 -243
222 -86
138 186
-138 176
-198 -85
31 -205
197 -20
65 177
-148 97
-120 -117
84 -134
139 54
-27 140
-137 -4
-17 -134
129 -36
57 124
-117 80
-104 -105
88 -129
151 62
-28 170
-178 13
-58 -176
160 -102
142 129
-88 172
-188 -39
-12 -188
171 -60
98 141
-100 123
-132 -59
20 -125
106 -8
24 81
-57 25
-15 -40
35 4
-21 44
-68 -33
30 -101
137 9
33 166
-179 90
-158 -170
132 -227
284 66
23 318
-319 126
-229 -285
214 -321
388 111
11 417
-403 141
-262 -347
253 -358
419 131
5 436
-407 136
-249 -340
239 -331
374 122
-2 375
-338 108
-193 -272
186 -247
267 94
-8 256
-221 60
-107 -171
114 -130
130 63
-23 116
-93 2
-12 -69
50 -9
-1 42
-44 -10
14 -57
74 9
9 90
-99 36
-70 -97
79 -105
134 47
-5 150
-152 44
-92 -135
101 -133
161 54
1 169
-159 56
-104 -131
88 -138
155 36
17 153
-133 65
-101 -98
55 -122
126 9
32 114
-88 66
-86 -53
16 -92
84 -17
45 65
-38 61
-66 -9
-19 -59
43 -42
55 20
6 58
-51 30
-50 -34
13 -63
66 -13
37 61
-46 58
-75 -25
0 -82
81 -26
52 72
-56 72
-88 -34
8 -96
97 -18
44 91
-77 68
-88 -58
35 -102
109 8
19 110
-104 47
-72 -92
73 -95
112 48
-19 123
-127 12
-45 -123
110 -76
104 88
-59 126
-138 -25
-14 -141
132 -51
86 114
-86 114
-132 -50
12 -138
133 -28
63 115
-89 90
-107 -56
21 -112
106 -12
41 89
-66 59
-69 -39
13 -68
58 -9
23 42
-24 29
-27 -6
-6 -18
4 -13
12 -9
21 5
8 29
-28 23
-37 -22
9 -48
52 -8
26 50
-41 42
-54 -27
9 -58
58 -9
24 50
-37 35
-40 -23
10 -39
35 -1
7 26
-18 9
-6 -11
8 -1
-4 9
-15 -9
10 -22
30 6
2 37
-41 13
-27 -41
35 -40
51 25
-12 58
-61 4
-19 -60
53 -33
44 44
-33 52
-57 -22
10 -60
61 0
11 61
-62 22
-33 -60
56 -48
62 48
-36 77
-91 -18
-5 -100
102 -34
64 94
-77 93
-116 -49
13 -130
133 -28
69 120
-95 106
-132 -56
11 -144
139 -37
80 118
-83 114
-134 -39
-9 -137
123 -56
93 93
-53 117
-125 -7
-39 -117
94 -77
104 58
-16 117
-114 27
-65 -96
67 -95
111 30
10 115
-105 48
-80 -84
53 -102
114 19
17 115
-104 51
-80 -85
57 -101
114 25
8 116
-109 41
-71 -93
69 -95
110 39
-5 117
-112 29
-61 -99
74 -86
103 44
-10 108
-102 24
-52 -86
60 -73
83 30
0 82
-70 26
-46 -49
23 -54
50 -2
23 36
-16 35
-35 8
-29 -25
4 -44
47 -21
48 39
-19 69
-80 12
-45 -79
62 -78
102 35
4 114
-111 45
-83 -94
61 -113
128 20
23 127
-111 63
-94 -82
45 -111
113 7
29 102
-79 54
-68 -52
24 -69
60 2
11 45
-28 14
-9 -15
11 3
-16 15
-28 -24
24 -48
68 13
10 85
-91 43
-78 -84
61 -113
138 24
22 150
-143 74
-122 -118
74 -160
180 19
41 180
-158 98
-145 -117
64 -173
182 3
56 168
-135 104
-137 -89
36 -151
147 -17
62 123
-87 94
-110 -43
0 -108
92 -37
65 64
-30 78
-78 5
-35 -65
42 -58
71 14
17 71
-61 45
-68 -43
17 -83
88 -12
41 84
-71 68
-92 -50
23 -107
115 -7
41 114
-103 73
-103 -84
56 -127
143 20
20 148
-143 60
-99 -125
96 -133
157 57
-14 169
-169 32
-77 -154
128 -116
145 91
-49 161
-166 -2
-40 -156
135 -76
105 107
-72 123
-130 -37
5 -128
117 -26
48 101
-80 65
-75 -58
38 -79
78 20
-3 73
-67 9
-20 -58
49 -27
31 40
-31 33
-34 -24
18 -33
30 13
-10 28
-26 -9
10 -26
27 11
-11 31
-37 -10
6 -44
51 -2
14 57
-58 28
-46 -56
47 -62
76 31
-11 86
-90 12
-37 -85
73 -59
75 55
-33 87
-90 -9
-15 -85
75 -33
48 61
-45 55
-58 -30
17 -57
55 8
-2 52
-50 4
-10 -51
53 -17
28 54
-52 41
-57 -45
32 -74
86 12
15 91
-88 44
-73 -73
47 -98
112 13
28 113
-99 67
-100 -70
31 -122
126 -16
62 115
-86 100
-126 -45
-3 -136
127 -52
94 102
-63 123
-138 -18
-28 -134
114 -68
98 85
-48 114
-117 -13
-18 -108
92 -40
54 73
-56 59
-60 -45
39 -60
63 37
-37 72
-87 -34
24 -108
129 1
32 146
-152 78
-128 -142
112 -179
223 62
4 248
-252 80
-159 -230
181 -228
280 109
-22 307
-303 71
-158 -270
208 -230
278 129
-41 296
-286 47
-122 -248
190 -179
212 122
-52 220
-205 10
-60 -175
135 -92
106 92
-53 105
-93 -24
6 -76
59 0
-1 46
-41 -8
14 -44
54 16
-11 65
-77 1
-19 -84
84 -42
66 75
-58 86
-101 -33
6 -107
103 -23
49 91
-71 68
-79 -48
24 -82
79 2
16 68
-55 27
-34 -41
28 -34
31 18
-12 26
-20 -9
10 -16
14 11
-14 15
-19 -16
17 -24
30 15
-9 36
-40 -3
-7 -42
41 -17
26 37
-30 34
-40 -21
11 -42
42 0
9 39
-32 16
-19 -25
16 -20
19 10
-7 14
-9 -6
10 -4
2 15
-23 5
-11 -29
34 -22
37 34
-27 52
-66 -13
-7 -76
78 -31
57 71
-54 79
-97 -28
-3 -104
100 -36
67 83
-55 88
-99 -22
-13 -97
81 -43
65 54
-22 73
-67 10
-36 -48
19 -51
51 -13
42 34
-6 60
-65 30
-66 -52
22 -96
110 -21
68 107
-82 113
-148 -38
-19 -163
156 -79
134 124
-72 176
-196 -7
-63 -189
158 -126
173 103
-35 196
-194 36
-101 -164
114 -149
173 51
16 173
-147 74
-118 -104
49 -140
139 -7
56 118
-82 89
-105 -39
-3 -103
85 -39
61 57
-27 68
-63 1
-19 -48
29 -26
24 12
-2 13
0 -1
11 10
-13 26
-43 -7
-12 -58
64 -38
68 57
-37 96
-114 -4
-36 -121
111 -79
117 86
-46 145
-157 1
-50 -153
131 -94
128 97
-55 147
-152 -11
-29 -143
124 -62
83 99
-73 96
-100 -49
30 -101
100 15
-3 101
-104 9
-26 -108
113 -48
76 111
-99 108
-142 -76
39 -169
186 -10
67 185
-165 125
-174 -123
65 -211
224 -6
79 212
-175 145
-195 -114
39 -219
216 -38
111 183
-127 168
-197 -54
-24 -199
171 -97
154 118
-49 187
-191 27
-99 -166
117 -156
191 51
21 200
-183 93
-152 -142
84 -193
213 18
50 208
-184 111
-159 -143
92 -191
207 36
19 206
-192 69
-112 -167
135 -146
170 98
-60 187
-196 -19
-22 -198
193 -64
105 181
-159 145
-182 -128
87 -214
236 38
18 248
-244 79
-140 -226
190 -196
243 139
-76 275
-291 -5
-69 -288
262 -143
206 220
-159 257
-290 -88
11 -302
292 -67
140 262
-213 201
-245 -150
78 -270
274 4
68 257
-220 129
-175 -169
109 -204
212 47
11 201
-175 60
-95 -137
93 -114
117 52
-17 104
-84 7
-18 -59
37 -15
3 23
-20 -14
32 -30
50 42
-40 78
-107 -24
-7 -131
142 -51
101 137
-112 150
-191 -68
8 -216
220 -59
127 200
-158 186
-230 -97
24 -251
247 -52
121 220
-171 177
-214 -109
42 -229
222 -24
80 196
-158 122
-148 -113
67 -159
156 26
7 145
-130 33
-50 -114
99 -63
73 88
-78 85
-99 -67
52 -115
133 32
-4 146
-154 31
-71 -151
135 -113
152 106
-65 182
-199 -13
-43 -199
183 -97
146 150
-104 182
-202 -50
-6 -206
194 -61
108 167
-130 146
-170 -87
39 -182
183 -8
52 172
-152 91
-124 -124
89 -150
167 50
-6 176
-173 39
-85 -158
131 -127
161 93
-43 184
-191 12
-70 -181
152 -124
166 107
-48 193
-197 16
-80 -181
142 -135
173 88
-23 190
-182 43
-100 -152
104 -142
164 46
15 161
-138 68
-107 -97
48 -125
124 -2
45 102
-68 73
-83 -26
-12 -74
51 -39
54 17
18 50
-29 46
-62 4
-42 -61
41 -78
103 6
39 112
-101 87
-130 -71
25 -159
172 -31
91 161
-131 144
-185 -85
25 -208
210 -38
99 193
-159 151
-188 -112
58 -210
215 2
51 206
-186 98
-135 -156
121 -166
186 83
-42 199
-205 -2
-41 -205
197 -85
127 180
-154 170
-207 -117
69 -238
256 12
52 260
-247 117
-180 -216
168 -233
272 103
-31 292
-292 48
-121 -269
228 -185
236 170
-101 267
-277 -29
-42 -268
241 -104
155 200
-148 191
-213 -93
38 -218
210 -15
60 191
-162 98
-125 -129
92 -142
151 55
-18 150
-143 14
-44 -128
107 -67
83 83
-58 94
-96 -31
7 -92
82 -14
29 68
-51 39
-43 -34
19 -40
33 7
0 24
-14 2
1 -5
-1 8
-15 -2
-1 -24
30 -8
18 34
-32 28
-39 -28
20 -48
55 9
3 58
-57 15
-28 -55
49 -38
46 43
-34 54
-60 -26
17 -66
72 7
5 76
-79 20
-36 -79
76 -54
73 68
-55 92
-107 -36
11 -119
125 -17
48 124
-114 78
-107 -96
69 -131
147 37
0 156
-155 39
-75 -143
122 -109
137 93
-59 156
-166 -19
-22 -167
156 -62
98 137
-109 127
-149 -74
35 -161
163 -5
44 154
-135 80
-108 -109
76 -128
137 41
-7 137
-127 25
-50 -111
90 -69
81 67
-46 85
-85 -27
12 -80
76 2
4 72
-70 11
-17 -71
74 -27
40 77
-76 58
-80 -71
56 -104
126 32
0 141
-147 40
-83 -139
118 -125
161 81
-34 184
-192 22
-78 -181
153 -130
171 109
-53 197
-202 7
-66 -189
158 -117
154 113
-61 175
-178 -5
-43 -164
136 -84
113 101
-61 126
-126 -21
-11 -117
99 -37
53 78
-58 60
-62 -40
26 -59
56 18
-11 55
-54 -8
3 -58
61 -5
16 65
-66 30
-47 -64
54 -65
81 40
-21 93
-99 3
-29 -98
91 -54
76 75
-55 94
-105 -30
4 -110
109 -22
47 101
-88 69
-87 -70
50 -102
113 26
0 118
-118 27
-55 -112
97 -82
106 76
-49 125
-136 -16
-20 -138
130 -57
90 110
-82 116
-133 -46
8 -138
131 -29
62 112
-87 85
-99 -56
26 -101
93 -2
21 79
-60 32
-35 -43
31 -29
22 26
-29 16
-13 -37
49 -20
34 58
-61 56
-83 -54
34 -109
129 2
40 137
-129 85
-129 -103
62 -163
181 7
52 179
-155 109
-155 -111
54 -182
187 -11
72 169
-129 121
-153 -74
12 -161
145 -47
93 108
-59 121
-126 -3
-50 -108
72 -87
107 23
28 106
-83 73
-104 -44
-5 -116
108 -54
94 81
-39 121
-129 7
-53 -118
91 -90
112 54
-13 118
-109 24
-53 -89
61 -68
71 34
-12 63
-50 0
-4 -35
26 3
-14 25
-34 -24
29 -51
73 22
-3 94
-108 27
-65 -109
94 -106
142 63
-19 165
-171 34
-89 -158
125 -137
170 77
-19 184
-176 39
-88 -151
110 -125
143 61
-12 142
-125 29
-58 -96
62 -71
70 32
-9 58
-40 3
-4 -22
11 5
-19 9
-18 -31
37 -36
56 32
-14 76
-87 13
-46 -84
67 -78
102 36
5 112
-104 49
-87 -78
36 -112
118 -14
64 102
-65 104
-125 -13
-44 -124
97 -98
138 49
14 154
-144 81
-138 -106
47 -178
190 -27
100 172
-126 162
-201 -58
-21 -210
188 -97
161 137
-65 197
-204 15
-89 -177
123 -147
178 51
27 176
-143 97
-147 -84
9 -167
156 -68
135 112
-44 178
-190 37
-119 -168
115 -186
231 37
53 241
-219 144
-220 -163
83 -273
295 -15
112 282
-237 200
-269 -164
72 -309
318 -25
120 294
-244 200
-259 -172
87 -293
298 -1
83 278
-237 155
-208 -178
110 -240
251 36
33 241
-213 93
-142 -170
119 -174
190 63
-5 188
-172 45
-87 -141
102 -115
131 59
-15 130
-117 24
-54 -95
65 -73
80 31
-2 76
-62 23
-39 -43
20 -46
42 -1
17 33
-19 27
-29 -3
-9 -25
16 -18
21 6
4 19
-12 10
-12 -5
-2 -10
3 -6
5 -3
10 1
6 14
-12 16
-23 -6
-4 -29
28 -16
26 23
-12 34
-37 0
-12 -33
26 -20
25 14
-3 22
-14 5
-6 -3
-8 -1
-12 -15
15 -30
48 4
16 62
-67 44
-76 -59
37 -107
131 1
46 139
-131 96
-145 -101
55 -182
201 -5
72 197
-171 136
-185 -122
58 -217
224 -14
82 207
-166 141
-180 -108
42 -195
187 -23
77 156
-110 114
-130 -56
5 -123
99 -36
63 62
-20 70
-57 19
-46 -31
-5 -59
54 -43
75 33
2 96
-101 43
-84 -90
63 -120
144 24
22 153
-146 68
-111 -124
90 -144
166 48
-3 173
-167 41
-82 -149
122 -114
138 89
-52 152
-155 -15
-20 -149
136 -52
78 117
-91 97
-108 -66
40 -113
112 14
7 105
-93 24
-35 -81
69 -41
43 59
-53 43
-44 -52
54 -49
57 57
-58 72
-92 -54
41 -116
139 18
17 157
-163 61
-110 -155
130 -159
201 87
-29 230
-239 40
-110 -226
188 -175
226 131
-59 257
-263 19
-96 -243
200 -161
208 139
-69 232
-231 4
-68 -208
168 -118
150 119
-65 164
-159 -16
-24 -142
117 -52
69 91
-66 76
-77 -47
34 -75
76 24
-16 79
-84 -6
-10 -91
95 -31
58 93
-82 87
-114 -60
25 -135
143 -17
62 137
-114 105
-138 -78
31 -157
159 -21
69 143
-111 109
-135 -69
22 -143
135 -23
59 112
-81 82
-92 -46
15 -88
76 -8
21 58
-41 24
-20 -28
24 -13
6 27
-36 5
-11 -46
54 -26
47 55
-45 70
-89 -23
-7 -100
99 -42
76 82
-52 102
-116 -13
-30 -113
93 -70
98 58
-15 112
-106 32
-73 -83
44 -100
110 -4
51 100
-71 91
-116 -29
-20 -122
110 -68
108 78
-36 133
-140 12
-59 -130
104 -97
122 69
-29 133
-131 9
-39 -119
99 -62
76 79
-61 82
-86 -47
37 -90
96 29
-20 107
-120 -5
-16 -134
143 -48
88 144
-131 131
-175 -101
56 -210
230 -1
68 232
-212 133
-191 -171
111 -233
254 41
31 252
-227 98
-149 -183
129 -183
196 72
-17 189
-168 26
-55 -140
109 -70
73 84
-65 68
-61 -58
59 -59
64 64
-69 78
-101 -66
52 -129
154 23
17 170
-171 67
-117 -155
119 -164
196 67
-6 208
-197 59
-116 -164
113 -157
176 51
13 170
-140 69
-106 -92
33 -122
111 -25
72 77
-27 99
-103 32
-89 -81
35 -131
151 -27
94 146
-111 157
-204 -54
-21 -228
222 -101
176 187
-125 235
-270 -48
-38 -275
253 -121
189 203
-135 237
-259 -58
-20 -255
227 -87
139 180
-124 169
-179 -68
16 -170
147 -23
48 117
-88 58
-57 -63
48 -49
38 43
-47 31
-33 -55
65 -43
63 70
-65 88
-115 -50
21 -138
150 -17
62 149
-131 106
-145 -98
52 -171
180 -1
56 171
-142 105
-141 -100
47 -159
158 -7
57 139
-103 95
-118 -57
8 -121
106 -37
72 75
-35 91
-93 9
-48 -78
49 -79
96 10
31 95
-80 70
-99 -51
12 -117
120 -29
69 107
-81 103
-127 -47
8 -138
136 -34
72 121
-98 103
-126 -66
32 -139
143 -6
42 138
-123 76
-105 -102
73 -129
146 38
0 154
-153 41
-82 -140
115 -120
152 79
-33 171
-178 18
-72 -168
140 -121
160 98
-43 185
-189 18
-78 -174
139 -131
168 87
-26 185
-179 37
-95 -151
105 -137
160 47
13 160
-138 67
-109 -98
46 -131
132 -10
60 110
-70 95
-112 -22
-30 -107
81 -74
103 39
11 113
-101 61
-103 -69
22 -128
133 -32
83 116
-81 127
-152 -31
-25 -157
142 -79
124 107
-59 152
-162 -5
-47 -151
123 -90
119 83
-38 129
-124 5
-42 -104
74 -64
72 39
-9 65
-45 13
-24 -21
-5 -21
5 -26
38 -20
51 36
-21 79
-103 8
-47 -114
110 -92
136 89
-52 173
-200 -2
-57 -209
200 -121
181 170
-123 232
-271 -60
-13 -289
287 -92
170 262
-215 238
-293 -149
70 -329
341 -17
106 329
-292 190
-260 -235
160 -311
339 74
16 343
-323 102
-179 -279
218 -237
275 144
-66 292
-286 10
-77 -259
217 -132
170 165
-110 190
-192 -55
7 -180
159 -31
58 130
-99 72
-78 -71
48 -75
66 30
-20 55
-47 -16
15 -40
36 18
-20 37
-41 -21
21 -46
53 17
-10 58
-63 -2
-8 -65
65 -18
28 64
-60 36
-45 -56
52 -54
63 47
-40 72
-82 -31
19 -93
101 3
15 107
-110 37
-62 -106
97 -89
112 79
-55 133
-146 -24
-11 -152
147 -47
81 133
-109 110
-131 -78
43 -143
144 6
28 134
-115 56
-74 -91
63 -85
84 36
-14 77
-63 0
-7 -46
30 -6
-4 19
-16 -17
31 -21
35 42
-48 56
-81 -44
29 -105
126 5
29 140
-140 69
-110 -130
106 -149
179 70
-25 200
-206 25
-76 -199
179 -123
163 146
-106 194
-213 -60
10 -221
217 -38
83 203
-180 123
-157 -151
115 -185
204 75
-32 217
-221 14
-61 -215
199 -107
151 173
-135 189
-218 -88
33 -234
234 -27
84 218
-186 137
-177 -141
85 -203
209 25
34 198
-169 84
-121 -127
78 -141
142 27
18 126
-96 52
-70 -59
20 -72
58 -15
38 32
1 46
-39 34
-60 -18
-14 -75
74 -51
86 57
-26 112
-126 16
-61 -122
101 -103
136 66
-19 155
-155 32
-82 -138
104 -122
149 58
-6 156
-147 45
-90 -120
80 -122
138 32
18 137
-117 64
-98 -85
43 -121
126 -4
49 115
-90 87
-114 -53
10 -127
124 -34
75 108
-78 108
-130 -40
-3 -138
132 -46
84 114
-83 115
-134 -46
6 -142
137 -34
70 119
-94 99
-118 -62
27 -127
125 -8
39 114
-96 64
-82 -72
47 -92
96 21
3 92
-83 23
-40 -71
57 -53
61 40
-23 67
-68 -5
-13 -65
57 -30
45 45
-27 57
-65 -6
-19 -65
55 -44
66 37
-9 82
-88 24
-61 -82
61 -97
125 26
20 141
-140 74
-126 -119
79 -173
204 21
48 214
-201 120
-187 -162
101 -238
267 24
60 269
-243 142
-211 -192
119 -260
281 35
49 275
-241 125
-184 -187
120 -219
230 48
18 217
-186 72
-108 -143
98 -124
123 55
-22 110
-92 -2
-7 -72
58 -4
-2 53
-56 -9
10 -69
85 3
15 98
-106 43
-75 -102
86 -107
135 56
-18 151
-152 27
-70 -139
112 -106
130 74
-32 139
-134 9
-43 -116
90 -67
79 59
-31 78
-68 -10
-4 -53
39 -8
5 29
-25 -2
10 -29
38 12
-6 51
-62 6
-26 -67
63 -51
74 48
-22 91
-98 10
-45 -91
70 -77
98 37
4 106
-96 46
-82 -71
31 -105
112 -16
63 98
-66 103
-128 -19
-35 -132
115 -90
135 78
-23 165
-172 41
-104 -154
113 -158
195 55
15 210
-199 86
-151 -164
108 -200
227 38
37 229
-206 109
-168 -159
96 -209
225 26
46 217
-187 109
-158 -138
79 -187
194 15
46 179
-147 96
-129 -102
50 -145
142 -1
44 122
-91 76
-92 -52
13 -94
79 -21
45 55
-26 56
-53 3
-28 -38
15 -42
45 -12
38 35
-13 57
-65 16
-46 -59
40 -73
92 10
26 97
-87 64
-96 -62
25 -118
125 -18
63 114
-88 101
-128 -48
1 -138
130 -48
91 105
-65 122
-135 -17
-33 -129
107 -76
107 70
-23 122
-119 25
-66 -97
62 -97
110 17
28 106
-85 67
-96 -49
7 -108
103 -38
76 81
-47 104
-117 -4
-42 -112
92 -81
111 58
-16 127
-127 28
-71 -112
83 -105
126 45
-3 134
-129 39
-76 -110
81 -105
123 45
-7 129
-122 30
-61 -107
84 -86
103 55
-25 111
-111 5
-31 -102
89 -56
75 71
-50 88
-97 -28
4 -99
98 -21
42 91
-80 64
-83 -64
43 -99
110 18
10 115
-114 42
-73 -104
85 -102
127 58
-22 145
-153 20
-65 -149
131 -109
148 99
-55 176
-192 -4
-54 -193
175 -111
161 140
-91 198
-221 -31
-34 -224
208 -98
152 172
-122 194
-219 -63
1 -225
213 -59
111 184
-144 149
-173 -97
50 -182
179 5
32 165
-146 61
-82 -124
104 -96
106 85
-69 114
-123 -55
39 -134
145 19
5 156
-163 38
-74 -164
154 -114
156 131
-95 191
-217 -48
-8 -229
225 -67
123 204
-167 171
-207 -118
62 -226
229 4
50 216
-191 95
-130 -156
118 -153
164 81
-45 166
-163 -15
-12 -156
149 -35
55 141
-131 76
-99 -122
106 -123
147 85
-56 169
-185 -18
-25 -192
187 -73
120 166
-133 161
-192 -87
32 -208
209 -25
80 191
-157 126
-160 -112
59 -179
180 6
43 166
-138 83
-112 -101
60 -128
130 19
19 121
-102 50
-73 -76
47 -87
92 18
11 89
-79 37
-57 -62
41 -74
83 16
10 85
-81 36
-60 -69
50 -81
96 25
2 102
-100 33
-61 -91
72 -84
102 48
-20 111
-113 9
-35 -107
94 -58
74 77
-60 86
-93 -42
27 -96
100 13
1 102
-106 16
-33 -110
112 -55
82 110
-98 112
-143 -77
45 -170
188 1
50 192
-179 104
-153 -149
103 -192
215 45
19 218
-198 78
-129 -159
107 -162
173 47
9 162
-131 52
-79 -88
41 -85
70 0
28 37
4 36
-22 44
-72 11
-58 -84
71 -109
153 35
20 181
-186 87
-154 -164
116 -212
250 48
31 261
-245 109
-177 -201
138 -226
248 64
8 244
-216 72
-117 -172
119 -141
143 70
-31 129
-106 -8
0 -82
65 6
-20 60
-69 -33
38 -92
120 31
-5 148
-168 35
-87 -171
154 -143
191 115
-57 225
-238 10
-81 -224
188 -141
185 131
-64 205
-199 1
-58 -170
125 -97
113 71
-19 105
-77 21
-41 -37
-7 -40
17 -44
65 -21
66 66
-46 110
-144 -6
-47 -159
152 -106
159 124
-75 201
-223 -15
-49 -224
204 -110
158 165
-118 192
-208 -64
13 -206
193 -30
64 172
-148 87
-101 -126
106 -112
120 91
-79 130
-144 -66
49 -162
180 24
8 195
-204 49
-98 -201
184 -148
196 153
-105 234
-259 -46
-18 -267
255 -84
145 226
-180 193
-227 -124
63 -243
242 2
54 225
-196 100
-134 -159
117 -155
165 75
-36 165
-156 -2
-26 -142
125 -48
65 105
-85 76
-83 -66
47 -86
87 29
-14 83
-79 0
-11 -71
63 -19
26 54
-46 30
-31 -39
33 -32
32 28
-25 32
-33 -22
21 -35
38 17
-13 40
-42 -8
2 -43
43 -4
9 41
-40 14
-17 -36
34 -21
22 31
-31 24
-28 -31
32 -33
40 32
-29 50
-61 -23
12 -70
78 -4
22 82
-80 43
-64 -72
56 -83
97 34
-9 104
-102 18
-42 -94
78 -63
78 57
-34 85
-84 -12
-7 -79
68 -22
32 56
-43 36
-38 -33
26 -37
36 20
-16 36
-37 -12
8 -40
42 1
6 42
-41 16
-27 -34
26 -35
39 13
1 38
-31 15
-24 -19
2 -28
24 -15
29 13
5 38
-38 26
-48 -29
12 -65
75 -13
42 76
-65 71
-95 -44
15 -111
117 -19
53 112
-96 84
-108 -72
41 -124
131 9
22 129
-119 49
-72 -106
90 -92
107 72
-52 121
-133 -31
6 -143
150 -22
57 152
-147 96
-136 -131
102 -176
210 57
-1 232
-237 65
-135 -220
182 -201
255 121
-44 288
-298 44
-135 -276
228 -215
277 154
-63 313
-319 36
-131 -293
236 -213
273 157
-64 303
-303 31
-120 -272
216 -192
242 143
-60 264
-259 20
-93 -231
184 -150
187 126
-62 204
-201 -1
-52 -181
149 -92
120 108
-67 132
-132 -27
-6 -121
103 -33
49 81
-58 57
-56 -39
24 -51
41 13
-10 31
-22 -13
21 -19
21 31
-41 29
-44 -47
48 -65
89 40
-22 112
-131 6
-43 -141
140 -87
130 123
-92 170
-201 -48
-6 -220
220 -68
128 203
-167 180
-222 -117
57 -247
254 -8
71 242
-216 125
-170 -175
128 -201
218 77
-29 220
-215 15
-53 -202
185 -85
114 165
-145 140
-163 -123
96 -187
210 64
-24 229
-240 23
-78 -242
228 -136
194 197
-150 245
-283 -86
12 -302
298 -68
144 270
-221 212
-259 -154
76 -285
286 -5
80 263
-219 141
-184 -161
97 -205
205 36
19 187
-155 60
-86 -117
79 -96
93 45
-19 82
-65 -3
-3 -49
37 -3
-1 29
-28 -6
10 -31
36 9
-5 43
-47 3
-14 -47
44 -24
32 37
-28 38
-39 -19
11 -38
35 5
-2 32
-30 0
-1 -29
29 -2
4 31
-34 8
-15 -35
34 -23
31 30
-23 38
-42 -13
3 -42
39 -5
12 34
-27 15
-15 -21
18 -13
10 18
-23 8
-10 -28
35 -17
29 39
-37 45
-62 -28
11 -78
86 -14
43 86
-73 74
-100 -49
13 -116
118 -28
69 105
-76 106
-128 -35
-16 -136
122 -66
109 91
-44 138
-148 11
-67 -137
104 -115
150 56
2 163
-156 62
-114 -127
82 -153
173 26
32 172
-151 85
-125 -116
71 -151
159 23
22 152
-133 57
-81 -107
79 -96
100 54
-36 99
-96 -23
13 -96
99 6
3 107
-118 19
-42 -128
133 -74
113 126
-107 153
-192 -72
24 -220
233 -37
101 227
-200 166
-220 -153
91 -260
278 16
60 274
-248 131
-191 -202
141 -234
255 72
-2 257
-238 62
-115 -204
160 -154
176 111
-61 183
-177 -15
-22 -161
139 -51
71 114
-87 81
-84 -65
46 -83
78 32
-22 72
-67 -16
13 -63
64 13
-12 67
-74 -10
3 -84
94 -8
24 104
-110 47
-76 -112
103 -109
142 85
-54 172
-195 -12
-40 -206
202 -97
156 181
-140 207
-248 -82
13 -271
271 -64
139 248
-202 205
-256 -139
61 -285
289 -22
101 267
-223 169
-219 -163
90 -248
253 16
53 235
-199 109
-150 -151
97 -172
175 44
4 163
-141 42
-66 -111
82 -78
80 55
-34 75
-67 -19
12 -57
52 10
-10 50
-53 -10
7 -59
66 0
11 74
-77 29
-48 -76
68 -69
89 53
-32 105
-114 -6
-23 -116
111 -52
81 96
-74 105
-123 -46
14 -133
133 -22
56 124
-106 87
-114 -78
44 -130
137 6
34 132
-116 69
-100 -88
52 -120
127 11
30 121
-101 66
-95 -68
29 -110
109 -15
55 93
-63 88
-107 -22
-24 -109
95 -70
108 62
-17 131
-139 36
-91 -125
92 -139
173 41
20 190
-184 86
-148 -157
107 -200
234 42
32 245
-232 110
-179 -196
138 -235
271 64
19 282
-268 101
-175 -230
170 -235
274 96
-14 289
-279 70
-145 -244
189 -206
246 120
-43 264
-258 35
-104 -229
182 -161
199 120
-53 216
-211 14
-74 -186
145 -121
151 93
-37 163
-154 18
-65 -130
93 -99
118 49
-2 120
-107 41
-76 -81
46 -98
106 6
33 101
-84 68
-94 -57
24 -110
114 -12
47 107
-91 78
-103 -67
36 -121
128 3
32 127
-118 65
-93 -99
74 -117
135 42
-7 143
-141 29
-65 -131
109 -97
121 80
-45 136
-140 -9
-29 -133
116 -61
83 90
-59 97
-99 -28
3 -91
75 -18
28 54
-35 28
-19 -22
16 -5
-11 20
-36 -22
24 -58
83 13
12 105
-117 49
-92 -115
95 -138
178 56
-2 204
-210 63
-132 -193
151 -194
240 88
-11 263
-260 70
-150 -227
171 -213
254 96
-11 268
-253 73
-145 -211
149 -197
224 74
3 225
-200 71
-124 -155
99 -157
166 37
19 155
-126 65
-94 -87
43 -107
102 2
31 85
-58 53
-63 -30
3 -60
49 -18
32 32
-13 37
-33 3
-15 -25
13 -22
23 1
10 18
-11 17
-19 0
-10 -18
12 -18
25 3
7 27
-25 19
-30 -19
9 -39
45 -4
20 45
-42 37
-53 -32
17 -66
74 -4
28 75
-69 53
-75 -53
30 -93
104 0
32 103
-92 63
-90 -69
39 -108
115 3
33 110
-92 64
-87 -63
30 -98
95 -4
33 81
-58 54
-62 -29
1 -59
44 -22
35 20
5 35
-23 29
-44 -1
-26 -48
38 -54
77 17
15 90
-90 51
-86 -74
46 -114
132 7
36 133
-121 78
-113 -93
56 -139
149 12
33 145
-127 71
-102 -98
64 -122
128 28
8 125
-112 39
-62 -91
68 -79
87 43
-19 88
-84 2
-21 -75
63 -36
48 50
-34 56
-60 -18
-1 -59
54 -18
33 44
-30 44
-51 -11
-8 -52
45 -28
45 32
-13 56
-60 9
-32 -57
46 -53
70 26
-4 79
-81 22
-47 -75
61 -69
86 42
-20 97
-102 4
-29 -101
96 -54
75 85
-70 96
-115 -49
25 -131
140 -5
40 145
-139 78
-117 -123
95 -153
183 54
-4 200
-201 53
-112 -183
147 -165
205 93
-27 226
-223 43
-109 -196
148 -163
197 84
-11 206
-188 58
-114 -147
87 -151
162 20
45 146
-107 98
-129 -50
-14 -137
117 -77
125 73
-14 152
-153 53
-115 -130
83 -164
193 21
47 199
-179 114
-167 -139
84 -205
222 21
41 221
-200 98
-145 -167
125 -179
201 79
-33 211
-212 13
-57 -206
193 -98
139 173
-143 177
-212 -105
57 -241
257 -1
67 258
-241 136
-199 -202
143 -252
285 68
17 294
-275 101
-176 -228
160 -230
257 78
6 255
-224 84
-142 -168
100 -174
176 27
37 152
-106 83
-105 -49
-9 -101
72 -58
88 27
27 95
-77 78
-116 -40
-10 -136
133 -66
116 110
-69 154
-173 -19
-35 -173
156 -84
121 125
-88 145
-156 -49
13 -156
149 -17
40 139
-129 60
-79 -121
113 -98
124 103
-86 151
-180 -58
19 -205
220 -32
93 219
-198 158
-217 -155
90 -261
283 11
74 277
-243 155
-220 -181
102 -259
269 16
68 248
-199 136
-181 -132
57 -195
181 -14
70 143
-88 104
-111 -30
-21 -93
57 -58
74 11
36 66
-39 72
-92 1
-47 -92
72 -88
115 38
4 127
-120 47
-83 -98
67 -105
113 32
-2 108
-95 20
-33 -77
62 -35
32 55
-57 27
-28 -66
79 -39
62 90
-91 95
-133 -78
47 -171
199 -2
63 209
-196 130
-193 -158
99 -242
268 22
60 266
-235 139
-201 -179
106 -239
248 26
48 229
-187 106
-143 -131
69 -154
141 15
23 110
-70 42
-38 -31
4 -17
-15 -7
-3 -49
73 -33
74 82
-68 120
-160 -33
-20 -186
190 -83
147 169
-125 203
-240 -62
-12 -255
243 -86
153 208
-154 203
-231 -89
22 -238
224 -41
91 194
-154 125
-145 -111
71 -152
149 36
-9 140
-130 11
-25 -120
114 -40
54 107
-101 71
-90 -91
77 -111
129 54
-24 141
-146 10
-46 -140
122 -79
105 96
-63 121
-126 -28
-5 -120
104 -31
49 83
-61 56
-56 -41
27 -49
41 21
-21 34
-32 -26
32 -37
48 35
-31 64
-80 -19
-1 -93
97 -28
59 92
-74 88
-109 -46
11 -121
117 -28
63 100
-71 90
-105 -34
-6 -105
88 -41
68 59
-23 80
-78 15
-48 -59
27 -71
78 -10
49 70
-45 81
-102 -9
-34 -107
94 -79
116 65
-23 140
-148 27
-77 -138
110 -122
155 69
-17 172
-172 38
-89 -153
119 -131
159 74
-22 171
-166 29
-75 -146
113 -111
134 73
-30 142
-137 12
-49 -121
96 -76
93 66
-35 100
-98 -6
-20 -90
76 -39
54 60
-41 63
-68 -24
7 -69
68 -11
27 64
-57 42
-58 -47
32 -73
84 11
13 91
-90 42
-72 -81
61 -101
124 31
8 138
-139 53
-100 -125
96 -142
174 52
4 191
-189 63
-122 -169
128 -172
208 73
-8 225
-220 59
-120 -193
148 -171
203 91
-30 215
-208 32
-83 -183
146 -121
145 102
-58 154
-148 -19
-11 -134
115 -32
44 98
-85 48
-50 -77
76 -55
64 77
-77 80
-102 -72
58 -128
152 32
4 172
-179 51
-102 -171
146 -151
194 104
-48 222
-232 15
-81 -220
190 -139
185 143
-83 214
-222 -20
-39 -211
183 -91
130 143
-97 151
-158 -51
10 -151
134 -22
44 112
-91 57
-62 -73
59 -64
64 50
-44 67
-73 -39
33 -82
94 21
-3 105
-112 21
-49 -111
101 -79
107 82
-52 130
-142 -16
-23 -143
131 -62
96 109
-76 120
-133 -39
1 -134
123 -35
64 103
-76 83
-93 -47
19 -93
85 -5
23 71
-54 33
-37 -38
25 -35
29 16
-12 21
-16 -14
18 -12
13 24
-31 20
-30 -35
34 -44
58 28
-17 72
-84 1
-24 -88
86 -48
74 77
-59 96
-114 -35
6 -124
126 -26
59 118
-102 88
-112 -80
50 -129
137 17
15 138
-129 46
-72 -114
95 -95
110 71
-47 121
-125 -22
-2 -127
123 -25
47 118
-109 69
-89 -98
82 -109
127 62
-37 142
-153 -6
-28 -156
152 -65
102 137
-113 135
-162 -78
37 -178
183 -9
55 175
-155 96
-131 -123
83 -154
164 40
2 162
-149 40
-71 -127
98 -93
104 67
-38 107
-102 -13
-8 -91
78 -24
32 63
-50 36
-37 -39
31 -36
34 24
-20 31
-30 -17
16 -29
28 15
-14 29
-30 -14
13 -32
35 13
-12 40
-46 -9
3 -54
61 -7
21 65
-66 37
-56 -62
51 -74
89 33
-10 99
-101 17
-43 -95
78 -67
84 55
-28 90
-87 -1
-23 -75
56 -37
43 33
-12 37
-23 3
-9 -3
-18 -2
-15 -34
39 -40
70 33
-12 97
-114 23
-65 -118
106 -108
148 75
-31 176
-187 23
-79 -178
151 -130
169 109
-56 191
-194 -1
-50 -178
149 -89
114 111
-73 124
-119 -39
14 -106
88 1
2 74
-67 -3
11 -69
81 15
-10 100
-121 6
-36 -137
143 -74
119 133
-107 160
-194 -67
14 -214
215 -44
100 197
-162 146
-178 -115
64 -191
188 15
26 171
-145 52
-66 -119
97 -68
64 86
-84 60
-62 -92
104 -75
102 113
-113 141
-186 -96
58 -233
269 -1
77 286
-277 162
-247 -238
170 -320
369 75
33 386
-367 144
-246 -312
227 -325
371 122
-8 381
-354 99
-189 -296
214 -254
284 121
-28 282
-250 52
-110 -198
134 -144
151 70
-14 133
-100 25
-45 -59
18 -44
25 -15
34 -5
39 36
-20 72
-96 8
-46 -106
101 -88
127 80
-45 158
-177 1
-51 -180
168 -102
148 140
-99 185
-210 -49
-5 -220
215 -63
118 194
-158 164
-201 -111
56 -223
230 -3
63 220
-194 119
-164 -154
102 -197
213 45
15 213
-195 73
-121 -163
119 -156
178 66
-12 183
-171 39
-84 -146
110 -117
138 68
-23 146
-141 21
-59 -123
96 -90
111 63
-27 122
-123 11
-45 -113
94 -76
101 68
-37 119
-126 -1
-36 -125
112 -73
107 89
-56 132
-148 -16
-29 -151
141 -76
117 117
-79 151
-173 -31
-23 -178
166 -77
126 138
-93 164
-187 -40
-19 -191
176 -77
127 142
-95 163
-182 -40
-19 -182
164 -75
120 130
-84 151
-165 -30
-24 -161
142 -72
111 107
-64 135
-144 -17
-30 -138
117 -71
102 86
-48 121
-126 -7
-33 -119
100 -67
93 72
-39 108
-112 -3
-31 -105
87 -59
80 63
-34 91
-92 -5
-23 -84
69 -44
58 49
-28 63
-60 -7
-10 -51
38 -20
23 25
-13 21
-14 -5
3 -4
-4 5
-13 -10
10 -24
35 4
7 42
-46 22
-38 -43
33 -54
65 19
0 70
-68 18
-35 -61
50 -48
54 36
-23 57
-56 -14
7 -54
52 4
-3 55
-62 0
-6 -73
86 -20
43 96
-99 74
-111 -91
67 -150
183 27
28 204
-206 95
-164 -183
136 -227
274 65
22 297
-288 118
-209 -246
175 -283
330 79
31 344
-318 138
-233 -258
167 -302
335 59
53 330
-287 154
-233 -212
117 -280
288 15
80 261
-204 156
-203 -128
44 -218
201 -36
99 158
-98 137
-149 -31
-29 -133
95 -76
100 46
7 101
-79 54
-84 -41
-7 -95
85 -54
92 53
-8 114
-115 42
-91 -96
57 -130
150 6
52 150
-129 106
-151 -89
34 -180
188 -29
92 173
-138 147
-188 -86
23 -210
210 -45
109 190
-149 164
-204 -94
28 -225
223 -41
106 202
-161 162
-201 -107
41 -222
223 -26
88 203
-165 141
-179 -113
56 -199
201 -5
62 183
-151 107
-139 -108
60 -156
156 13
30 142
-118 63
-84 -88
55 -96
95 26
-2 87
-74 16
-26 -60
48 -32
33 38
-31 34
-36 -28
24 -41
45 18
-10 53
-57 4
-21 -58
53 -40
57 41
-20 71
-78 6
-35 -73
58 -62
82 32
2 93
-89 39
-74 -72
40 -100
115 0
44 113
-94 87
-121 -60
15 -140
142 -37
87 126
-93 127
-156 -47
-6 -166
157 -60
107 131
-92 144
-165 -43
-9 -169
157 -58
99 130
-94 130
-147 -52
10 -151
144 -31
64 126
-103 92
-111 -75
43 -123
126 12
18 125
-115 47
-72 -100
79 -95
112 54
-22 123
-126 11
-46 -119
101 -77
103 75
-41 119
-125 -4
-34 -118
99 -68
93 70
-34 107
-107 3
-38 -94
69 -64
79 37
-5 80
-68 26
-48 -46
18 -58
56 -13
38 41
-16 55
-59 15
-44 -50
28 -69
82 -4
39 81
-67 73
-100 -38
0 -115
116 -42
83 100
-70 116
-137 -29
-17 -143
133 -63
104 107
-70 133
-147 -25
-21 -147
132 -64
98 104
-68 121
-132 -27
-11 -129
114 -47
74 91
-62 91
-98 -31
3 -96
85 -22
42 70
-51 54
-60 -31
13 -60
55 -4
17 47
-37 26
-33 -25
13 -36
35 1
10 32
-25 19
-27 -17
7 -33
35 -6
20 34
-26 34
-46 -17
1 -55
59 -18
40 58
-49 61
-81 -31
8 -97
105 -22
56 104
-92 90
-122 -68
34 -147
161 -9
58 163
-149 107
-153 -120
77 -189
214 20
42 220
-207 106
-167 -175
125 -216
248 59
16 261
-250 92
-162 -217
161 -222
261 90
-10 278
-268 73
-149 -233
177 -211
253 104
-22 269
-259 61
-136 -223
166 -195
232 94
-15 244
-230 61
-128 -192
137 -178
206 70
1 212
-194 68
-122 -156
106 -161
181 47
13 180
-162 66
-109 -129
87 -139
152 40
5 152
-140 45
-79 -117
90 -103
118 60
-29 124
-126 0
-27 -121
113 -52
75 100
-83 96
-116 -62
36 -132
143 5
30 146
-139 69
-106 -121
92 -139
164 51
-3 176
-173 48
-97 -153
118 -139
167 69
-15 178
-170 41
-90 -144
103 -127
147 52
2 148
-129 49
-87 -96
54 -108
111 8
34 96
-68 65
-82 -32
-5 -82
68 -39
61 42
-11 71
-67 20
-44 -51
27 -57
59 0
21 48
-29 35
-37 -8
-13 -27
9 -23
22 -15
37 8
18 51
-50 51
-86 -35
2 -114
128 -45
99 123
-97 152
-196 -49
-16 -222
225 -90
165 202
-151 233
-281 -81
-6 -305
301 -97
183 268
-209 255
-307 -131
43 -331
329 -49
132 302
-254 202
-254 -192
120 -286
299 46
24 292
-270 86
-140 -237
196 -182
213 151
-102 233
-245 -51
0 -247
239 -48
96 223
-198 140
-177 -162
120 -206
225 71
-19 233
-227 31
-80 -210
181 -121
152 145
-105 172
-182 -64
25 -182
175 -10
38 161
-146 63
-83 -130
114 -100
117 97
-78 133
-148 -55
28 -161
170 -5
44 170
-161 84
-124 -140
107 -159
184 63
-10 195
-190 44
-94 -168
130 -136
162 81
-27 171
-162 26
-71 -135
96 -101
115 52
-8 111
-93 28
-51 -63
30 -60
53 -1
24 35
-9 34
-29 17
-38 -13
-12 -48
44 -41
66 26
3 80
-81 38
-73 -67
38 -100
115 -3
47 112
-93 89
-122 -56
9 -139
137 -43
92 116
-78 130
-151 -29
-26 -154
136 -78
120 102
-55 146
-154 -4
-46 -143
117 -88
117 79
-38 129
-127 5
-40 -112
87 -66
81 58
-29 83
-76 -4
-13 -63
49 -23
25 34
-24 22
-16 -18
18 -10
7 21
-26 7
-12 -32
34 -21
31 34
-30 41
-51 -21
10 -57
59 -3
17 58
-55 28
-39 -48
40 -47
54 32
-23 59
-64 -12
1 -68
70 -11
26 69
-67 43
-60 -58
44 -77
89 25
0 96
-96 28
-55 -86
65 -80
97 37
-3 104
-98 33
-66 -78
47 -89
100 9
34 96
-75 72
-100 -39
-6 -115
111 -56
102 87
-45 139
-159 9
-70 -159
136 -131
181 91
-29 216
-227 43
-119 -214
174 -187
241 113
-38 272
-278 47
-130 -258
211 -202
257 144
-63 286
-290 22
-102 -267
222 -171
221 159
-85 248
-250 -12
-57 -230
190 -114
152 138
-80 169
-167 -23
-26 -146
111 -61
78 70
-28 79
-64 7
-31 -36
0 -39
31 -34
63 8
28 79
-80 70
-112 -61
25 -148
169 -25
84 172
-152 144
-198 -112
53 -237
256 -20
97 250
-219 171
-234 -163
91 -276
293 6
79 283
-246 157
-219 -187
112 -260
272 30
50 259
-222 119
-171 -168
102 -200
205 33
29 190
-156 78
-112 -112
62 -127
123 16
24 105
-78 50
-63 -46
16 -64
54 -9
25 37
-19 33
-32 -2
-11 -25
17 -18
20 8
-1 17
-12 1
0 -9
9 5
-11 13
-23 -13
12 -37
51 2
15 62
-67 39
-68 -64
48 -97
121 21
17 136
-139 62
-108 -125
95 -151
183 50
5 200
-199 67
-126 -177
137 -178
215 80
-13 232
-226 57
-122 -198
150 -174
206 88
-19 217
-205 49
-107 -170
119 -148
168 59
3 165
-140 59
-99 -99
45 -120
118 -10
60 95
-53 95
-110 -1
-53 -104
75 -102
136 28
31 149
-137 92
-147 -102
49 -186
204 -18
89 196
-162 154
-204 -108
38 -233
238 -38
112 214
-169 171
-212 -106
35 -230
223 -36
98 194
-149 145
-174 -93
36 -182
171 -18
62 146
-113 92
-109 -76
39 -114
108 8
16 96
-82 34
-46 -67
53 -55
62 41
-27 68
-74 -13
-4 -80
81 -25
49 76
-64 74
-96 -43
12 -114
120 -25
65 113
-92 103
-134 -58
13 -153
156 -37
87 141
-110 129
-160 -66
15 -174
169 -38
87 149
-115 124
-147 -73
27 -154
148 -15
49 129
-104 75
-88 -78
52 -92
91 31
-15 87
-81 -5
-3 -79
79 -10
20 81
-83 32
-50 -81
75 -71
91 60
-37 108
-118 -9
-24 -118
107 -55
82 85
-55 100
-106 -20
-13 -99
80 -40
57 54
-23 62
-53 4
-25 -34
9 -35
31 -17
41 17
8 55
-57 37
-65 -47
25 -89
104 -6
40 105
-96 73
-102 -75
47 -121
131 14
19 132
-124 48
-73 -108
89 -93
107 70
-48 117
-124 -27
6 -128
131 -15
40 130
-125 66
-93 -115
97 -119
142 70
-37 157
-165 0
-40 -159
144 -76
106 118
-84 125
-132 -49
16 -127
113 -10
27 93
-74 33
-28 -58
50 -19
7 52
-66 1
-3 -86
107 -19
47 125
-132 86
-133 -123
97 -178
216 54
5 240
-244 72
-138 -227
187 -199
245 131
-62 271
-275 10
-76 -259
226 -132
175 180
-130 200
-210 -81
36 -208
200 -1
29 186
-174 53
-74 -164
155 -95
121 145
-132 149
-181 -110
78 -211
236 33
23 250
-248 85
-148 -227
186 -205
251 128
-57 277
-280 18
-93 -260
219 -156
202 162
-95 228
-232 -28
-35 -216
183 -85
121 141
-93 140
-144 -47
6 -136
119 -27
51 95
-71 66
-74 -45
20 -76
73 -2
23 65
-52 42
-59 -35
12 -71
76 -17
48 71
-57 79
-105 -29
-10 -123
126 -56
104 112
-79 147
-180 -31
-28 -194
187 -93
154 157
-105 202
-232 -39
-34 -237
215 -106
166 172
-110 206
-222 -39
-30 -212
180 -88
128 131
-74 146
-140 -20
-24 -117
79 -51
57 38
-1 45
-17 23
-30 18
-54 -17
-12 -81
92 -53
100 84
-57 141
-172 -12
-44 -185
177 -103
159 149
-103 204
-232 -44
-21 -240
229 -85
142 200
-157 188
-219 -104
47 -234
235 -10
62 221
-198 108
-147 -167
129 -175
196 86
-41 207
-209 4
-49 -201
184 -92
129 157
-122 159
-179 -80
36 -189
187 -9
51 174
-151 87
-114 -121
87 -131
138 52
-21 136
-128 7
-28 -117
104 -44
58 91
-79 68
-79 -68
55 -91
103 39
-19 113
-121 6
-37 -122
114 -70
103 95
-64 130
-147 -23
-24 -149
137 -71
113 107
-64 143
-157 -12
-43 -151
125 -94
131 83
-30 152
-151 27
-80 -130
91 -121
145 39
15 148
-130 68
-108 -97
51 -135
142 -1
50 128
-101 90
-116 -62
17 -125
119 -27
62 97
-66 87
-98 -32
-2 -96
84 -32
54 64
-39 66
-68 -14
-8 -63
52 -26
37 37
-20 42
-43 -6
-7 -39
32 -17
25 23
-14 29
-31 -4
-5 -29
26 -14
22 20
-13 27
-31 -4
-6 -30
28 -16
24 22
-13 30
-33 -4
-7 -32
28 -16
23 22
-14 26
-28 -7
0 -26
24 -4
8 23
-21 10
-12 -22
24 -17
24 25
-23 34
-46 -17
4 -59
67 -16
41 69
-62 69
-98 -41
8 -120
131 -34
84 124
-99 134
-175 -55
-6 -200
203 -79
153 179
-128 219
-265 -54
-38 -286
272 -137
228 224
-146 300
-345 -44
-71 -352
321 -182
281 252
-154 350
-384 -37
-83 -379
334 -194
285 257
-157 344
-367 -46
-63 -355
309 -158
232 240
-156 277
-292 -67
-15 -281
248 -85
136 200
-145 167
-179 -90
41 -177
163 1
30 143
-121 51
-64 -100
81 -72
77 64
-48 81
-83 -34
19 -84
84 4
11 80
-72 26
-38 -62
47 -46
49 32
-19 47
-40 -8
2 -29
19 2
-8 12
-8 -18
30 -11
22 40
-47 40
-60 -45
34 -83
103 13
15 116
-119 51
-88 -111
88 -122
151 55
-12 167
-170 35
-83 -158
132 -127
160 93
-46 180
-186 8
-60 -174
148 -104
140 108
-62 161
-166 -11
-37 -155
130 -79
110 94
-51 127
-128 -5
-36 -113
87 -69
90 52
-12 97
-89 25
-58 -68
37 -79
86 1
36 81
-62 66
-87 -33
-2 -96
91 -38
68 73
-47 90
-100 -14
-19 -97
84 -48
68 61
-34 78
-77 -8
-14 -66
49 -27
31 31
-14 27
-14 -5
4 0
-12 13
-28 -19
17 -48
67 3
20 82
-85 51
-85 -76
53 -116
138 18
25 147
-141 72
-116 -117
80 -150
170 32
21 172
-156 71
-113 -125
81 -140
151 33
13 145
-124 54
-82 -92
55 -96
95 18
14 81
-59 35
-44 -33
8 -42
31 -13
24 12
8 26
-19 25
-36 -5
-13 -42
38 -29
43 28
-14 52
-53 2
-16 -49
40 -26
30 30
-21 30
-26 -15
14 -21
17 18
-26 17
-24 -34
40 -36
55 42
-37 77
-98 -21
-4 -116
125 -38
75 124
-110 114
-151 -83
43 -178
194 -5
58 195
-179 110
-157 -148
105 -193
216 54
3 224
-216 58
-108 -193
160 -150
180 115
-69 197
-201 -21
-24 -194
177 -63
95 153
-126 120
-136 -95
65 -146
150 36
-9 149
-145 18
-41 -137
127 -65
85 113
-94 106
-122 -73
47 -134
142 19
12 141
-135 42
-71 -121
99 -94
112 73
-42 120
-120 -11
-17 -112
97 -40
55 76
-54 63
-63 -33
15 -57
45 4
0 33
-22 -3
11 -16
17 21
-30 24
-37 -35
33 -56
73 24
-6 88
-97 20
-49 -96
85 -78
104 62
-31 122
-128 4
-40 -123
106 -73
98 78
-45 113
-114 -11
-23 -106
87 -48
63 63
-37 69
-65 -14
-3 -54
40 -12
13 25
-15 8
1 -12
15 10
-16 25
-39 -14
4 -53
63 -14
37 63
-54 63
-85 -35
5 -100
102 -30
67 91
-66 99
-122 -29
-16 -128
119 -62
102 92
-52 131
-145 -3
-49 -139
115 -96
131 76
-27 150
-150 26
-75 -132
98 -114
137 54
-6 143
-132 39
-76 -107
72 -100
108 34
2 103
-86 30
-48 -61
36 -53
47 14
2 33
-16 7
-1 0
-10 12
-31 -13
4 -49
62 -14
40 69
-62 68
-94 -46
20 -115
125 -14
52 124
-110 88
-117 -85
53 -138
148 16
22 148
-137 56
-84 -118
94 -105
119 69
-44 126
-129 -20
-2 -128
127 -21
41 124
-120 60
-83 -114
104 -108
132 88
-63 157
-177 -31
-9 -190
194 -55
104 183
-158 151
-191 -120
69 -221
235 11
49 232
-212 108
-158 -176
127 -195
216 70
-12 220
-206 42
-89 -180
143 -124
144 101
-59 152
-147 -19
-13 -134
114 -36
51 92
-72 57
-59 -55
42 -56
53 34
-30 51
-51 -28
24 -55
60 20
-13 65
-70 -2
-10 -72
70 -24
39 64
-54 51
-59 -43
29 -63
63 16
-6 61
-56 3
-7 -51
48 -9
10 48
-51 12
-17 -57
63 -26
41 67
-67 59
-81 -60
45 -104
122 21
11 133
-135 48
-86 -125
101 -122
150 66
-24 165
-167 23
-69 -154
127 -107
136 89
-46 150
-149 -1
-38 -135
110 -69
88 78
-45 93
-87 -16
-5 -73
55 -17
19 36
-24 12
-1 -18
22 10
-17 33
-48 -17
7 -66
80 -12
38 85
-80 69
-98 -62
33 -120
131 -4
45 128
-111 83
-115 -81
42 -133
138 -1
43 126
-102 76
-99 -69
31 -107
101 -5
33 84
-59 52
-58 -31
5 -53
38 -12
21 20
0 20
-10 16
-22 7
-27 -21
10 -43
53 -8
31 55
-47 53
-72 -30
7 -83
86 -20
46 79
-63 69
-86 -41
16 -94
93 -11
35 86
-72 55
-70 -55
36 -78
83 16
3 83
-79 22
-39 -72
60 -55
68 46
-29 78
-83 -8
-15 -84
77 -38
59 62
-41 75
-84 -15
-14 -83
71 -40
62 50
-23 74
-75 8
-38 -63
40 -59
70 10
24 68
-52 53
-74 -24
-11 -82
74 -47
79 51
-16 98
-102 24
-64 -89
61 -97
115 20
24 116
-99 66
-97 -67
25 -113
111 -18
57 91
-58 83
-94 -17
-23 -85
61 -54
71 26
13 71
-53 47
-70 -21
-18 -75
62 -57
87 33
9 101
-96 54
-94 -73
32 -122
132 -17
65 120
-89 108
-133 -45
-7 -139
125 -57
95 92
-47 117
-118 2
-44 -99
65 -74
86 23
19 79
-53 52
-70 -16
-25 -68
49 -63
87 13
31 94
-80 75
-111 -49
5 -133
135 -46
94 117
-82 133
-157 -35
-17 -161
148 -67
106 119
-79 132
-143 -36
-3 -139
124 -37
59 103
-80 73
-79 -60
43 -79
79 32
-25 80
-86 -18
7 -94
104 -10
33 111
-111 63
-97 -99
75 -129
154 38
9 166
-161 61
-110 -137
97 -150
175 42
19 178
-159 77
-127 -119
64 -157
166 1
61 150
-112 112
-146 -58
-5 -156
142 -67
119 105
-52 155
-168 11
-75 -157
124 -131
171 73
-12 191
-189 52
-112 -166
126 -161
193 73
-13 207
-203 46
-99 -183
149 -145
177 106
-57 196
-202 -8
-41 -197
180 -86
124 154
-121 157
-182 -82
38 -196
201 -10
57 195
-176 104
-146 -145
105 -179
201 55
0 209
-199 56
-108 -175
134 -151
181 83
-26 193
-185 33
-86 -161
120 -128
154 69
-13 161
-148 42
-89 -119
74 -122
136 22
31 131
-108 78
-115 -70
20 -134
134 -33
82 115
-79 121
-143 -33
-18 -149
136 -68
109 107
-65 137
-148 -19
-26 -141
122 -64
92 90
-55 104
-103 -21
-6 -90
70 -22
26 50
-33 18
-4 -26
31 11
-21 48
-74 -22
8 -102
127 -22
67 140
-136 119
-174 -109
61 -220
250 -6
86 255
-233 167
-240 -181
104 -295
320 13
85 314
-275 177
-250 -208
119 -296
308 21
71 288
-239 148
-201 -168
88 -225
218 10
55 184
-133 97
-115 -74
20 -106
78 -22
43 37
6 43
-20 42
-62 16
-59 -63
41 -101
129 3
49 140
-128 103
-150 -96
46 -184
197 -15
78 187
-155 133
-173 -107
48 -195
194 -14
69 174
-137 112
-139 -90
40 -149
140 -6
44 118
-86 70
-82 -53
19 -81
69 -8
26 51
-28 36
-37 -8
-11 -30
17 -24
30 0
16 30
-25 32
-44 -13
-3 -51
54 -21
39 49
-39 56
-69 -23
2 -78
79 -23
47 71
-55 68
-84 -31
2 -90
85 -27
56 68
-42 76
-85 -9
-26 -80
60 -57
80 28
12 87
-78 54
-91 -50
9 -115
121 -43
97 106
-70 143
-175 -16
-49 -184
168 -118
178 128
-68 222
-242 8
-87 -234
200 -159
217 143
-69 250
-258 10
-85 -238
196 -148
190 137
-72 209
-205 -9
-44 -181
145 -81
101 104
-66 103
-94 -36
18 -76
59 14
-19 46
-45 -30
42 -54
74 48
-43 99
-126 -23
-9 -147
157 -50
99 152
-128 146
-185 -89
37 -212
221 -25
86 210
-179 142
-185 -133
75 -213
222 12
47 211
-184 100
-141 -143
93 -167
175 42
7 169
-149 50
-82 -119
84 -102
109 47
-13 106
-92 16
-37 -72
49 -49
51 26
-4 46
-35 11
-21 -20
4 -23
18 -11
22 9
4 27
-27 19
-31 -21
11 -40
45 -3
17 44
-39 29
-38 -29
18 -44
44 7
3 41
-36 8
-11 -31
29 -10
10 28
-32 9
-12 -39
46 -21
35 51
-51 54
-76 -43
26 -97
114 -1
36 121
-116 75
-113 -97
64 -146
168 20
33 174
-162 85
-134 -133
88 -170
190 33
27 192
-173 82
-129 -139
91 -161
175 38
16 170
-149 63
-98 -117
78 -118
124 36
0 117
-100 29
-47 -78
55 -56
55 34
-19 49
-41 -11
8 -33
29 11
-15 29
-34 -18
17 -44
55 12
0 64
-70 16
-35 -71
67 -56
75 54
-37 91
-102 -14
-12 -108
105 -39
64 96
-81 89
-109 -60
34 -123
132 4
28 134
-127 60
-93 -112
89 -120
143 58
-21 156
-159 19
-60 -151
131 -99
131 101
-63 153
-162 -19
-26 -158
141 -66
100 113
-77 122
-130 -38
-1 -126
110 -34
58 85
-55 71
-73 -26
-1 -62
45 -20
27 21
2 25
-14 21
-33 6
-30 -37
29 -55
77 11
16 93
-97 49
-84 -91
71 -119
148 41
-1 167
-175 46
-96 -169
147 -145
187 109
-61 220
-237 -2
-59 -238
221 -123
178 185
-134 223
-250 -74
8 -262
252 -58
117 225
-184 163
-195 -134
81 -211
211 30
14 199
-178 49
-73 -154
131 -87
95 113
-100 101
-108 -93
87 -122
141 80
-66 167
-196 -41
3 -221
237 -49
111 239
-220 177
-241 -178
117 -293
326 37
53 332
-311 144
-224 -263
191 -287
325 104
-12 332
-312 77
-152 -269
207 -206
237 135
-64 245
-231 -1
-50 -204
167 -84
104 129
-93 111
-110 -66
46 -105
99 32
-20 97
-97 -10
-2 -100
100 -18
38 97
-89 58
-77 -71
49 -91
96 22
4 90
-76 26
-40 -56
33 -44
36 13
0 21
-1 3
6 17
-28 26
-51 -28
13 -77
96 -15
53 103
-94 95
-133 -65
22 -161
170 -31
88 160
-128 139
-177 -80
18 -195
190 -44
101 164
-120 145
-170 -64
6 -172
155 -46
87 122
-80 111
-119 -37
-1 -110
91 -30
47 66
-41 52
-49 -22
10 -42
33 4
-4 28
-27 -6
6 -32
38 1
9 44
-45 24
-42 -40
26 -58
68 4
22 69
-58 48
-69 -36
7 -79
76 -26
56 58
-31 74
-81 4
-38 -71
47 -66
81 12
26 78
-59 60
-84 -26
-14 -91
80 -56
89 50
-9 108
-108 38
-80 -88
52 -113
128 6
43 123
-99 86
-115 -61
15 -127
118 -30
66 95
-60 87
-92 -23
-9 -82
59 -31
38 32
-8 31
-12 6
-7 11
-32 6
-31 -44
40 -63
94 20
14 114
-119 59
-107 -106
73 -148
174 24
33 182
-168 91
-140 -134
87 -173
187 31
24 181
-158 69
-100 -124
85 -115
116 51
-26 106
-93 -12
8 -82
79 11
-15 88
-105 -13
-1 -127
148 -30
73 160
-155 127
-182 -128
80 -229
260 11
69 267
-245 151
-223 -192
117 -275
298 28
66 288
-246 149
-210 -181
100 -244
246 14
62 217
-166 118
-149 -101
35 -151
128 -22
60 88
-38 76
-69 10
-47 -42
2 -66
66 -43
82 45
-9 108
-117 36
-81 -109
82 -121
149 43
3 161
-158 49
-92 -140
112 -126
149 76
-38 163
-165 0
-36 -160
149 -69
100 133
-109 129
-153 -81
47 -172
185 6
41 187
-178 90
-138 -154
114 -180
210 60
3 223
-215 70
-133 -186
136 -184
216 72
1 226
-211 73
-135 -173
118 -180
204 50
19 203
-179 82
-131 -138
83 -163
174 26
29 166
-142 75
-108 -107
68 -127
134 29
6 130
-119 35
-58 -103
87 -76
90 69
-51 104
-115 -32
8 -124
130 -19
52 129
-119 85
-118 -99
67 -146
164 26
21 169
-158 67
-111 -132
92 -142
157 45
4 155
-136 48
-79 -104
64 -96
94 25
8 77
-47 28
-31 -15
-15 -17
-11 -32
35 -46
81 18
16 107
-118 62
-114 -109
78 -163
199 26
38 216
-209 106
-172 -177
124 -225
257 56
20 266
-250 94
-158 -211
157 -205
231 94
-29 236
-223 30
-77 -195
160 -112
132 120
-84 140
-138 -53
28 -132
125 10
3 119
-114 16
-28 -113
111 -44
63 107
-99 82
-102 -85
64 -121
134 38
-8 139
-136 23
-52 -125
105 -75
91 83
-58 99
-100 -35
15 -96
88 0
10 78
-71 16
-19 -66
63 -23
27 63
-64 36
-45 -64
59 -58
71 51
-39 84
-93 -21
1 -96
94 -20
38 86
-73 54
-64 -57
40 -69
68 25
-13 63
-57 -5
2 -51
47 1
-3 47
-51 -5
3 -59
68 -3
15 76
-82 31
-53 -83
77 -75
97 64
-43 116
-129 -17
-14 -134
130 -46
77 118
-97 103
-121 -70
40 -132
134 8
21 128
-115 46
-66 -97
78 -79
87 56
-36 87
-85 -20
8 -79
72 -2
7 66
-62 9
-12 -62
63 -15
20 66
-70 29
-42 -74
73 -58
77 69
-57 97
-117 -40
14 -131
139 -18
53 138
-126 87
-119 -104
72 -145
160 33
10 164
-154 51
-89 -131
100 -117
135 62
-22 139
-131 17
-50 -111
84 -73
84 53
-22 84
-74 6
-26 -57
35 -37
39 12
8 31
-18 22
-30 0
-17 -30
23 -34
47 11
4 54
-57 22
-39 -53
45 -55
68 33
-18 79
-85 -1
-18 -89
88 -38
59 83
-73 80
-100 -57
35 -117
128 7
25 131
-126 60
-93 -108
81 -121
139 45
-4 146
-138 37
-74 -116
84 -100
115 43
-2 111
-94 35
-61 -62
23 -71
63 -17
50 39
-1 68
-68 44
-86 -48
10 -120
136 -43
102 128
-97 157
-200 -45
-23 -221
217 -99
169 185
-129 227
-261 -56
-26 -269
248 -104
170 202
-139 214
-233 -67
-2 -226
196 -59
97 154
-105 114
-111 -63
32 -93
67 18
-22 44
-30 -40
66 -34
56 90
-101 95
-144 -95
65 -195
235 10
62 256
-249 144
-227 -211
144 -295
338 54
49 349
-324 154
-245 -265
178 -312
345 76
32 342
-305 129
-205 -240
158 -252
268 68
15 253
-214 83
-130 -159
98 -151
150 42
6 130
-101 37
-52 -68
38 -53
44 16
-4 30
-18 -1
5 -9
8 10
-14 13
-20 -13
6 -28
33 -5
22 31
-21 36
-47 -5
-17 -50
44 -40
59 28
-6 73
-76 22
-49 -69
54 -71
87 32
-5 94
-92 19
-39 -83
71 -56
66 57
-46 71
-76 -38
32 -82
92 26
-17 107
-123 -2
-22 -140
152 -57
102 155
-142 151
-201 -111
61 -243
271 -5
81 277
-259 159
-232 -215
150 -290
325 69
21 334
-316 108
-183 -275
214 -242
278 142
-69 292
-286 -1
-58 -265
233 -105
137 199
-165 161
-178 -133
104 -193
208 75
-43 223
-237 -4
-42 -245
244 -97
157 225
-187 216
-265 -131
56 -298
305 -28
115 283
-233 191
-247 -161
71 -275
269 -22
106 230
-164 167
-199 -80
-7 -197
160 -85
140 95
-14 163
-151 71
-142 -104
32 -189
203 -55
143 180
-125 217
-267 -44
-52 -282
263 -149
232 210
-131 292
-321 -38
-57 -319
286 -145
213 229
-158 258
-278 -81
10 -274
253 -51
99 219
-181 131
-152 -144
109 -164
169 79
-53 173
-177 -27
1 -180
180 -28
61 177
-166 95
-129 -148
117 -160
182 81
-38 193
-192 6
-47 -180
157 -81
105 128
-97 119
-123 -68
44 -121
115 26
-14 110
-107 -6
-2 -109
114 -12
28 120
-124 51
-79 -121
109 -110
139 85
-50 162
-172 -9
-37 -169
150 -81
115 119
-78 135
-140 -35
-6 -130
107 -36
55 77
-45 58
-46 -18
3 -27
4 2
-14 -16
26 -36
63 23
-4 87
-103 26
-64 -105
90 -103
136 58
-15 155
-157 35
-82 -139
106 -120
143 60
-11 145
-130 35
-69 -99
60 -86
85 19
14 66
-38 35
-37 -3
-28 -24
-4 -48
52 -40
75 38
-9 102
-115 33
-78 -109
86 -120
150 45
5 164
-157 57
-103 -133
94 -138
154 46
3 153
-135 44
-73 -105
71 -88
89 38
-11 76
-58 4
-8 -39
24 -1
-12 18
-23 -26
35 -37
57 36
-25 78
-96 -5
-25 -104
99 -58
88 82
-54 110
-122 -19
-17 -119
103 -50
73 77
-46 83
-80 -17
-6 -66
46 -19
20 24
-7 11
7 1
2 26
-43 17
-41 -50
45 -68
94 26
3 112
-117 41
-79 -108
83 -114
139 46
-2 148
-140 43
-80 -118
85 -107
119 46
-7 116
-99 23
-44 -75
47 -52
45 23
-7 31
-11 -3
9 6
-16 26
-48 -14
1 -69
83 -23
56 87
-75 90
-118 -50
14 -138
143 -29
72 132
-106 109
-135 -68
25 -146
141 -18
54 122
-94 80
-92 -61
29 -91
80 5
10 62
-45 14
-9 -32
26 3
-13 31
-44 -20
17 -63
81 3
22 95
-98 54
-90 -88
62 -121
145 24
23 152
-142 72
-117 -115
72 -149
164 19
37 159
-134 86
-124 -93
42 -144
145 -13
63 124
-87 102
-124 -39
-11 -126
109 -59
97 76
-34 120
-125 15
-61 -114
88 -100
127 50
-5 140
-139 39
-80 -124
99 -117
143 64
-25 160
-166 18
-61 -160
146 -103
140 120
-85 173
-196 -42
-9 -209
209 -64
120 194
-163 174
-218 -116
55 -249
262 -16
89 253
-222 159
-218 -170
102 -258
276 23
56 269
-235 130
-187 -182
115 -225
237 41
29 225
-191 89
-130 -144
88 -151
151 35
11 133
-103 42
-57 -68
36 -56
42 11
1 21
1 -1
13 16
-21 33
-55 -15
-3 -74
82 -30
61 79
-62 90
-112 -33
-3 -122
118 -40
75 100
-72 100
-113 -37
1 -113
101 -31
55 78
-52 66
-67 -25
4 -58
43 -10
13 26
-13 8
3 -5
6 16
-26 14
-30 -32
29 -49
66 16
5 77
-80 31
-58 -73
55 -81
96 28
2 102
-97 33
-60 -80
55 -78
87 27
2 85
-72 26
-43 -53
30 -49
47 8
9 35
-20 18
-19 -2
-13 -12
-2 -24
27 -20
38 21
-7 53
-61 12
-35 -62
54 -58
77 38
-15 91
-96 11
-38 -93
82 -62
83 64
-41 97
-104 -15
-10 -103
96 -33
53 84
-69 67
-77 -51
35 -82
84 19
-4 83
-81 9
-19 -77
75 -29
39 72
-69 50
-63 -65
58 -78
93 48
-32 108
-122 -11
-16 -131
135 -48
83 128
-112 118
-151 -85
46 -175
190 0
51 191
-177 102
-149 -147
104 -188
212 51
9 220
-209 68
-122 -182
140 -167
196 88
-31 209
-204 27
-79 -185
152 -122
153 110
-64 169
-173 -16
-28 -165
147 -65
97 122
-92 120
-134 -59
25 -142
143 -9
42 137
-125 75
-105 -105
77 -132
153 43
-1 165
-166 45
-92 -154
127 -138
176 88
-35 201
-211 24
-87 -202
173 -146
196 127
-67 229
-243 1
-72 -235
208 -136
189 161
-102 226
-241 -36
-30 -238
217 -90
138 180
-136 172
-191 -87
39 -197
190 -4
41 176
-158 70
-92 -137
117 -109
123 98
-80 137
-151 -60
37 -165
177 9
24 187
-189 65
-108 -181
160 -153
194 128
-82 227
-247 -26
-35 -252
240 -97
154 211
-166 202
-236 -110
47 -252
250 -17
74 232
-199 125
-162 -155
106 -183
191 57
-12 185
-168 28
-57 -145
119 -76
86 93
-69 89
-87 -50
36 -82
78 26
-20 74
-74 -16
13 -75
79 7
1 84
-88 13
-27 -90
89 -44
60 83
-74 77
-92 -60
43 -103
110 23
-3 113
-113 18
-37 -107
99 -55
70 88
-74 83
-95 -60
44 -103
110 28
-9 115
-116 9
-29 -114
110 -50
70 100
-87 88
-103 -70
50 -115
121 28
-5 124
-122 17
-37 -115
105 -55
70 93
-80 83
-92 -67
53 -101
108 40
-25 115
-123 -9
-11 -128
130 -34
60 128
-121 87
-116 -105
81 -142
161 49
-12 173
-172 29
-69 -161
138 -104
132 106
-68 148
-153 -30
-7 -144
128 -37
57 104
-79 67
-67 -57
41 -61
51 32
-32 43
-40 -38
46 -44
56 53
-53 76
-99 -44
25 -121
137 -5
43 142
-133 83
-120 -110
73 -148
163 29
18 160
-142 61
-93 -111
72 -110
110 32
2 95
-70 25
-33 -40
12 -24
4 -7
11 -25
53 -1
29 75
-81 67
-110 -70
39 -148
172 -9
66 179
-161 126
-177 -123
65 -212
226 -1
68 216
-181 128
-170 -130
69 -190
186 9
44 162
-122 79
-93 -77
34 -87
64 3
12 32
1 7
15 26
-36 50
-87 -27
-2 -122
142 -48
104 143
-120 160
-208 -77
14 -240
248 -59
133 233
-191 200
-250 -131
57 -279
283 -21
96 264
-224 160
-207 -170
107 -235
242 43
17 233
-210 68
-108 -179
140 -138
154 101
-61 161
-161 -24
-10 -153
138 -39
65 119
-96 85
-97 -69
41 -103
100 12
13 89
-71 32
-44 -48
23 -46
37 1
16 21
1 22
-18 26
-45 -3
-23 -58
59 -54
85 47
-20 112
-128 17
-61 -130
116 -106
144 85
-41 173
-185 12
-67 -179
155 -119
160 115
-64 188
-197 -7
-50 -188
162 -101
140 123
-76 165
-174 -23
-28 -167
145 -74
110 112
-71 134
-145 -26
-20 -141
124 -63
98 95
-56 123
-135 -13
-33 -133
117 -79
116 86
-45 143
-156 5
-58 -152
131 -108
150 93
-44 179
-190 14
-73 -181
154 -127
170 112
-57 196
-204 1
-59 -194
166 -107
144 127
-82 165
-172 -35
-7 -165
148 -40
64 127
-105 80
-88 -84
69 -92
96 57
-47 101
-110 -38
24 -123
135 5
21 145
-148 54
-90 -141
122 -127
159 91
-50 180
-189 -4
-44 -183
162 -86
119 130
-92 138
-143 -54
20 -138
123 -5
19 106
-91 24
-22 -83
84 -19
19 94
-109 28
-49 -125
136 -84
127 133
-113 176
-221 -73
16 -255
270 -56
136 260
-225 211
-276 -164
83 -320
336 -9
101 323
-282 187
-254 -217
138 -298
316 50
34 306
-275 109
-168 -227
169 -207
228 109
-49 233
-225 4
-47 -207
183 -85
115 156
-127 139
-159 -95
61 -175
185 22
20 187
-180 65
-109 -160
128 -149
179 84
-31 196
-196 27
-82 -178
144 -131
166 95
-37 183
-180 21
-76 -158
121 -117
143 74
-21 153
-143 28
-70 -120
86 -99
114 47
-7 116
-105 28
-55 -87
63 -74
84 37
-12 86
-83 11
-32 -76
65 -50
64 51
-34 77
-87 -14
-11 -92
91 -39
68 81
-61 96
-118 -30
-11 -130
127 -55
101 109
-74 140
-166 -23
-37 -174
159 -99
155 121
-63 196
-215 6
-84 -209
173 -155
211 115
-38 245
-249 49
-131 -222
168 -201
247 92
-6 265
-250 81
-157 -208
143 -212
241 64
16 240
-213 88
-144 -164
101 -177
186 36
24 169
-137 69
-96 -93
46 -103
91 6
22 65
-34 35
-30 -2
-21 -11
-17 -31
26 -49
75 4
30 91
-91 70
-111 -74
40 -146
166 -7
63 168
-151 118
-166 -115
65 -200
216 3
62 211
-186 121
-169 -144
87 -201
214 26
36 207
-182 89
-129 -142
94 -155
163 44
2 155
-134 40
-65 -105
73 -78
78 45
-22 70
-57 -7
2 -42
30 4
-12 25
-27 -21
28 -37
51 28
-21 67
-82 -5
-18 -92
91 -46
75 80
-59 100
-117 -29
-7 -123
118 -43
77 99
-69 102
-116 -34
-5 -118
105 -40
69 83
-52 89
-95 -17
-17 -90
72 -46
66 47
-17 75
-74 12
-40 -62
42 -61
74 16
13 77
-70 41
-65 -54
31 -82
92 4
25 93
-85 53
-78 -69
46 -99
111 16
16 114
-107 47
-77 -92
68 -100
115 38
-4 120
-115 29
-58 -100
77 -81
95 47
-17 98
-90 11
-33 -74
52 -45
48 30
-9 41
-27 4
-8 -9
-8 -1
-14 -20
22 -36
60 12
10 79
-88 41
-78 -85
67 -114
145 31
15 162
-163 68
-121 -144
106 -169
200 52
11 213
-204 77
-136 -174
125 -183
210 64
3 217
-200 66
-119 -167
118 -157
176 62
-7 175
-158 42
-80 -129
91 -105
114 52
-16 111
-97 13
-33 -79
59 -45
48 40
-25 47
-42 -15
8 -38
34 4
-2 34
-35 2
-7 -37
37 -16
26 35
-29 36
-46 -19
5 -53
55 -12
29 51
-41 46
-59 -26
6 -66
68 -15
37 62
-49 55
-71 -31
8 -79
80 -16
40 74
-61 61
-78 -42
19 -89
93 -8
35 88
-76 59
-80 -56
32 -93
99 3
25 95
-83 52
-73 -63
36 -87
91 8
20 85
-69 44
-60 -48
23 -67
63 -4
24 51
-32 38
-42 -8
-13 -36
21 -29
38 -1
24 35
-22 45
-59 0
-27 -62
54 -55
78 33
-5 94
-97 30
-64 -86
63 -92
111 31
7 118
-111 43
-76 -90
62 -98
108 28
7 107
-94 36
-58 -73
49 -70
72 24
-4 66
-55 10
-16 -44
34 -18
16 28
-27 13
-11 -30
37 -16
26 41
-41 40
-58 -35
20 -75
85 -3
32 89
-82 63
-91 -61
31 -114
124 -8
51 120
-100 91
-122 -68
24 -142
146 -26
74 132
-103 115
-144 -61
11 -159
154 -40
89 134
-100 126
-151 -55
6 -160
152 -43
85 130
-97 119
-139 -57
14 -146
139 -29
65 121
-95 92
-110 -63
28 -117
114 -4
34 102
-83 55
-70 -61
37 -76
75 13
6 67
-54 20
-28 -39
25 -30
26 12
-3 18
-8 -1
2 2
-10 9
-21 -13
12 -34
46 3
11 55
-59 29
-50 -56
47 -70
87 30
-7 99
-104 19
-48 -102
90 -74
98 72
-47 115
-126 -19
-12 -129
125 -42
70 114
-96 95
-114 -73
47 -129
137 18
12 141
-136 43
-73 -126
108 -102
126 83
-53 144
-155 -17
-22 -155
146 -60
96 126
-96 125
-143 -59
16 -151
145 -26
63 127
-99 93
-110 -63
24 -115
107 -12
42 87
-59 62
-69 -28
-4 -64
48 -28
44 22
5 47
-39 33
-55 -20
-8 -68
68 -39
69 56
-32 94
-109 -1
-35 -112
102 -71
103 81
-51 127
-139 -14
-27 -140
129 -63
94 108
-79 118
-131 -46
13 -135
130 -19
46 118
-101 67
-82 -81
61 -93
97 41
-24 98
-98 -8
-6 -97
95 -19
34 94
-91 49
-65 -86
77 -84
103 64
-46 121
-135 -22
-9 -144
146 -44
80 138
-120 116
-147 -92
54 -170
183 10
38 183
-170 85
-127 -144
105 -161
183 59
-9 191
-185 41
-87 -164
132 -126
152 91
-45 165
-166 -1
-41 -154
131 -77
103 101
-68 119
-125 -33
0 -122
111 -29
52 94
-74 68
-79 -52
30 -84
83 8
10 78
-69 27
-40 -58
44 -50
57 28
-13 59
-57 2
-16 -52
43 -28
36 31
-17 40
-40 -4
-8 -35
27 -17
22 17
-6 21
-18 3
-9 -11
2 -11
9 -6
13 2
6 16
-15 17
-25 -9
-1 -32
35 -13
26 31
-24 39
-48 -12
-3 -53
52 -20
36 46
-35 49
-58 -21
5 -63
62 -13
29 57
-48 42
-52 -35
22 -59
61 7
7 59
-56 20
-31 -49
40 -39
47 29
-18 50
-51 -8
-3 -49
45 -11
18 40
-34 23
-25 -28
23 -24
24 21
-20 24
-25 -21
24 -29
35 26
-26 46
-60 -21
11 -74
86 -5
29 95
-95 58
-89 -86
65 -119
143 34
6 157
-157 51
-97 -144
116 -137
169 75
-27 185
-186 25
-74 -171
141 -116
145 101
-57 158
-159 -14
-24 -146
124 -53
70 99
-74 77
-75 -54
42 -69
64 38
-39 63
-69 -43
45 -82
104 41
-27 128
-151 1
-40 -167
170 -89
142 156
-122 194
-235 -72
6 -260
264 -69
145 244
-201 212
-266 -138
58 -299
306 -27
112 287
-243 187
-245 -180
103 -282
292 20
61 280
-244 133
-189 -190
125 -225
239 54
15 233
-207 75
-123 -166
115 -154
168 60
-8 162
-143 38
-73 -111
72 -92
96 31
4 85
-63 31
-46 -33
3 -46
33 -25
42 8
22 48
-38 53
-77 -14
-20 -91
88 -61
101 69
-33 132
-148 15
-70 -145
120 -123
166 77
-17 191
-194 50
-114 -171
125 -170
207 63
11 219
-204 86
-149 -163
104 -196
218 31
44 213
-181 112
-162 -130
66 -192
196 -3
66 177
-139 116
-148 -88
31 -160
151 -22
66 126
-90 96
-110 -50
12 -109
97 -21
44 77
-53 58
-62 -30
10 -60
53 -5
17 44
-35 23
-29 -25
17 -32
34 7
3 34
-32 13
-25 -27
18 -37
44 2
17 46
-41 37
-57 -27
4 -72
77 -25
58 70
-51 87
-110 -20
-21 -120
114 -65
107 93
-56 139
-157 -9
-45 -157
139 -96
137 104
-57 164
-173 -2
-51 -164
138 -96
129 98
-53 145
-144 -7
-32 -130
106 -61
78 76
-47 82
-77 -23
7 -66
53 -1
1 43
-39 -2
6 -40
47 8
-3 57
-67 6
-23 -73
73 -44
66 65
-50 84
-97 -29
3 -103
101 -22
44 91
-77 62
-74 -60
43 -80
82 27
-15 83
-83 -5
-5 -86
89 -16
31 93
-94 51
-75 -92
80 -103
130 59
-28 151
-165 13
-61 -163
147 -108
151 115
-67 181
-196 -12
-46 -192
167 -101
144 126
-73 170
-176 -17
-36 -163
133 -80
107 91
-46 118
-110 -3
-30 -88
58 -49
53 24
4 41
-20 22
-26 7
-32 -16
-6 -50
56 -36
67 47
-23 94
-109 12
-53 -110
94 -93
127 64
-22 148
-154 28
-77 -142
113 -120
150 71
-20 165
-162 31
-78 -143
111 -116
141 68
-21 150
-143 25
-63 -124
93 -93
110 58
-20 115
-107 15
-43 -91
67 -63
73 40
-13 73
-65 9
-26 -50
33 -36
38 14
1 34
-23 13
-19 -10
-4 -19
12 -16
24 0
14 26
-22 28
-40 -12
-2 -49
51 -20
39 47
-36 55
-68 -20
0 -75
76 -23
44 69
-58 62
-77 -42
23 -87
91 2
18 92
-87 38
-56 -80
70 -73
90 57
-41 106
-120 -20
-7 -132
137 -39
75 136
-124 114
-153 -99
61 -186
210 11
48 218
-209 113
-175 -179
129 -227
265 61
18 280
-270 100
-176 -234
172 -240
281 95
-8 294
-280 78
-154 -238
177 -211
244 101
-23 250
-231 48
-106 -192
140 -145
160 83
-29 157
-137 13
-40 -108
77 -53
52 49
-31 42
-28 -24
27 -17
13 37
-50 20
-35 -58
59 -58
82 47
-24 102
-114 9
-48 -112
94 -84
113 62
-21 129
-127 25
-68 -107
72 -100
116 28
19 113
-91 60
-89 -56
12 -100
93 -33
71 68
-30 93
-98 15
-57 -84
53 -88
104 13
31 101
-81 70
-95 -46
5 -105
95 -36
68 69
-33 85
-85 7
-42 -68
36 -65
71 -3
40 58
-29 70
-83 12
-56 -76
49 -95
121 6
47 127
-111 101
-147 -72
17 -175
180 -47
110 162
-119 164
-198 -60
-8 -209
195 -75
131 157
-103 170
-186 -42
-17 -179
152 -69
103 110
-63 117
-112 -18
-17 -91
61 -36
38 28
-2 25
-2 13
-12 26
-51 4
-32 -66
64 -66
101 49
-17 129
-143 26
-74 -139
118 -120
156 81
-32 178
-182 20
-72 -169
139 -114
144 99
-53 158
-157 -10
-27 -143
120 -56
72 94
-70 78
-77 -50
37 -72
67 30
-27 66
-70 -26
23 -79
91 15
1 104
-112 25
-54 -113
104 -86
114 83
-51 137
-150 -13
-29 -148
133 -69
102 106
-69 123
-132 -29
-12 -125
107 -46
70 78
-46 80
-79 -13
-15 -66
43 -35
43 18
9 41
-27 30
-46 -7
-17 -51
47 -43
65 34
-14 82
-92 12
-40 -94
87 -69
95 74
-53 117
-135 -26
-6 -146
149 -42
79 146
-132 117
-152 -107
74 -183
206 29
22 217
-215 76
-132 -197
163 -183
224 114
-55 252
-260 11
-79 -251
220 -141
191 175
-117 225
-241 -53
-12 -235
213 -67
112 176
-130 140
-152 -83
40 -147
131 6
16 108
-84 25
-22 -63
51 -13
-1 51
-60 -11
15 -79
103 7
13 125
-141 47
-89 -145
135 -136
182 106
-63 220
-245 -5
-63 -252
237 -132
196 202
-148 248
-283 -79
3 -298
290 -77
149 259
-209 210
-254 -146
73 -277
280 -2
72 261
-224 132
-176 -174
116 -205
215 56
0 208
-185 50
-88 -152
113 -113
124 72
-34 120
-108 -2
-21 -88
66 -33
36 44
-27 31
-20 -15
11 -9
-2 15
-24 -9
10 -37
50 3
10 59
-63 28
-48 -59
48 -68
82 29
-5 91
-90 20
-46 -81
63 -66
78 39
-14 81
-76 11
-31 -61
42 -44
46 19
0 39
-26 15
-20 -7
-13 -16
2 -29
36 -19
43 34
-19 66
-83 7
-40 -89
80 -77
111 57
-20 136
-147 27
-78 -140
114 -126
165 70
-14 186
-187 49
-112 -165
120 -163
198 61
9 209
-195 80
-142 -156
98 -187
208 27
47 203
-172 114
-165 -119
53 -192
194 -19
85 170
-126 135
-165 -67
3 -171
153 -56
101 115
-66 127
-131 -14
-32 -113
82 -66
80 42
-3 75
-54 28
-42 -21
-13 -39
17 -41
55 -16
56 51
-25 92
-115 18
-71 -118
97 -126
171 54
10 198
-199 83
-156 -172
116 -217
255 40
47 264
-239 134
-209 -185
107 -258
277 16
74 263
-219 152
-207 -151
69 -233
228 -11
81 196
-142 131
-155 -78
15 -152
126 -38
72 84
-36 84
-75 10
-43 -47
9 -60
57 -31
64 35
0 85
-88 40
-79 -74
44 -108
124 5
37 124
-108 75
-105 -80
46 -122
126 9
24 119
-103 49
-68 -83
63 -76
80 45
-32 81
-83 -22
13 -86
92 1
14 99
-103 35
-61 -103
92 -92
122 72
-38 145
-159 5
-54 -156
136 -101
140 100
-50 166
-173 6
-63 -159
125 -109
141 77
-21 152
-142 35
-81 -112
67 -111
120 15
34 109
-78 74
-97 -36
-12 -100
84 -55
87 51
-8 102
-98 37
-75 -77
41 -102
112 -2
44 104
-80 81
-104 -45
4 -111
102 -34
66 81
-50 86
-93 -16
-15 -86
70 -40
56 47
-23 61
-57 -3
-13 -48
35 -21
24 24
-16 23
-19 -12
12 -18
21 13
-14 26
-35 -11
2 -44
52 -12
31 53
-47 53
-74 -32
7 -88
94 -25
58 88
-70 89
-114 -40
1 -126
125 -41
80 108
-80 112
-133 -41
-3 -138
129 -44
78 106
-75 102
-113 -40
5 -111
98 -24
43 79
-56 52
-53 -36
22 -46
36 15
-16 27
-23 -24
34 -27
39 42
-45 58
-81 -39
22 -105
123 -6
43 132
-126 86
-128 -107
71 -164
188 22
34 196
-184 92
-146 -155
107 -188
214 49
17 219
-204 80
-136 -169
119 -177
199 58
5 200
-181 64
-111 -145
97 -143
157 43
9 151
-129 55
-88 -94
53 -106
107 11
28 95
-71 56
-73 -40
8 -76
69 -20
42 52
-31 55
-59 -10
-10 -56
48 -24
32 38
-28 37
-37 -22
19 -38
41 19
-19 48
-60 -18
9 -77
95 -8
35 109
-114 71
-115 -107
82 -159
197 40
20 223
-230 90
-165 -211
166 -236
292 97
-9 325
-330 91
-192 -299
237 -279
345 148
-41 379
-378 74
-183 -339
269 -273
336 174
-65 366
-359 47
-146 -317
249 -226
276 160
-65 295
-281 25
-102 -242
182 -160
191 112
-42 197
-180 22
-72 -146
101 -105
119 50
-3 116
-98 36
-65 -70
37 -83
88 3
29 83
-69 57
-79 -48
23 -95
103 -5
36 105
-99 66
-96 -86
64 -124
147 34
3 163
-169 48
-96 -162
143 -144
186 107
-57 220
-238 2
-68 -239
220 -133
192 181
-126 238
-265 -58
-16 -273
258 -87
151 222
-169 200
-230 -107
40 -240
229 -23
76 202
-163 116
-139 -118
73 -146
139 34
-4 124
-103 15
-22 -82
66 -22
16 58
-57 10
-7 -63
75 -9
20 87
-95 39
-65 -97
90 -92
120 73
-46 141
-155 -12
-26 -159
150 -64
99 132
-104 126
-145 -71
36 -153
152 1
30 142
-128 54
-73 -110
91 -86
96 73
-56 103
-108 -41
25 -113
117 8
11 119
-120 32
-56 -115
106 -80
102 90
-67 123
-136 -38
6 -141
138 -28
58 124
-104 84
-101 -77
48 -110
109 19
5 100
-88 23
-34 -71
56 -38
38 45
-38 34
-31 -36
38 -31
35 41
-43 44
-57 -42
34 -73
87 19
3 97
-98 29
-59 -92
73 -84
103 46
-13 112
-109 22
-54 -92
66 -79
92 31
6 90
-74 39
-65 -47
12 -76
72 -27
62 53
-20 87
-98 23
-68 -90
65 -111
142 24
29 156
-152 88
-144 -126
81 -190
219 19
50 227
-212 122
-186 -174
114 -238
268 42
40 274
-254 120
-189 -211
147 -242
273 71
10 279
-259 89
-156 -217
157 -206
233 87
-15 237
-218 52
-108 -180
130 -145
162 74
-19 160
-140 28
-61 -107
69 -79
80 32
1 68
-46 22
-30 -20
-4 -26
12 -22
30 -9
30 28
-15 47
-58 5
-27 -58
48 -47
62 30
-9 67
-62 12
-28 -51
33 -35
33 16
-3 23
-8 1
6 8
-19 23
-47 -20
6 -73
95 -21
62 103
-95 109
-156 -66
18 -192
211 -48
122 205
-171 195
-255 -109
25 -293
300 -69
165 274
-215 249
-309 -129
26 -337
329 -80
177 285
-211 252
-297 -119
19 -307
284 -75
151 231
-161 200
-221 -81
6 -211
180 -55
94 131
-76 111
-105 -26
-11 -81
47 -29
29 11
18 13
16 32
-30 49
-78 -12
-21 -98
102 -61
104 90
-59 141
-166 -15
-36 -176
167 -91
142 141
-99 182
-209 -47
-13 -220
212 -75
130 187
-149 178
-214 -97
37 -235
239 -27
91 226
-196 150
-199 -149
90 -235
251 22
50 248
-224 119
-177 -180
120 -220
243 48
27 241
-217 96
-154 -171
110 -192
207 42
25 197
-167 83
-122 -120
66 -142
139 13
32 118
-85 62
-73 -45
9 -67
48 -15
27 20
7 22
-3 26
-32 24
-52 -21
-4 -72
79 -41
79 68
-39 113
-133 6
-58 -134
111 -111
153 67
-9 174
-173 57
-117 -145
96 -165
191 30
40 189
-161 104
-154 -110
46 -179
178 -22
83 149
-103 127
-147 -44
-16 -142
114 -66
98 69
-17 108
-95 32
-68 -63
18 -87
83 -29
69 59
-20 96
-102 28
-76 -87
53 -114
136 7
46 138
-120 97
-138 -84
36 -163
171 -18
70 160
-134 115
-150 -95
50 -169
175 4
41 168
-151 79
-112 -128
98 -137
155 66
-31 168
-172 6
-45 -170
160 -83
122 140
-111 156
-182 -72
24 -200
203 -28
81 191
-163 129
-167 -123
73 -192
199 16
37 191
-165 84
-119 -130
88 -140
146 43
-5 138
-122 27
-49 -99
75 -61
64 53
-35 61
-57 -24
17 -52
50 11
-6 50
-50 0
-9 -50
47 -19
32 40
-27 41
-44 -10
-8 -40
27 -24
33 7
17 33
-20 41
-58 4
-36 -66
57 -73
106 33
6 131
-141 56
-110 -130
98 -159
198 49
15 218
-216 83
-149 -189
143 -203
240 81
-11 255
-247 59
-121 -220
176 -171
202 124
-70 217
-216 -18
-26 -205
187 -62
89 165
-144 111
-128 -126
107 -146
165 86
-61 185
-203 -29
-11 -217
222 -59
111 214
-191 164
-211 -153
99 -249
269 36
30 271
-254 96
-153 -220
174 -196
224 120
-63 236
-233 -11
-35 -220
199 -74
104 176
-152 127
-148 -127
102 -167
185 74
-41 201
-213 -2
-45 -217
209 -96
148 187
-147 195
-230 -93
27 -248
244 -43
109 217
-170 162
-197 -108
40 -205
191 -26
78 153
-102 110
-120 -46
-6 -103
69 -42
58 24
22 50
-21 58
-76 24
-73 -70
41 -117
145 -8
68 150
-130 128
-179 -85
22 -208
211 -50
119 186
-137 174
-207 -72
-1 -212
192 -66
118 148
-91 146
-150 -32
-18 -131
95 -53
66 52
-13 57
-33 14
-24 2
-35 -14
-16 -59
65 -56
98 50
-14 132
-149 38
-97 -142
111 -153
195 57
11 213
-206 84
-152 -170
111 -202
227 38
41 223
-193 110
-163 -139
72 -192
194 0
63 170
-126 111
-136 -70
13 -138
119 -38
74 85
-40 91
-89 4
-42 -70
39 -66
75 2
34 67
-47 63
-80 -17
-17 -84
76 -49
76 58
-31 94
-102 1
-32 -101
89 -61
86 70
-46 104
-115 -17
-13 -120
116 -45
76 105
-85 104
-128 -57
21 -145
152 -19
63 145
-127 105
-142 -94
49 -168
179 -3
58 173
-148 109
-150 -108
55 -176
182 -4
61 168
-135 110
-144 -88
33 -159
151 -23
71 127
-87 104
-120 -39
-10 -115
94 -52
80 59
-17 91
-84 25
-60 -62
28 -83
89 -12
50 80
-55 81
-102 -21
-18 -108
100 -56
89 79
-49 112
-124 -13
-23 -125
115 -56
85 97
-73 106
-120 -46
17 -128
130 -10
38 127
-119 65
-90 -107
89 -114
136 65
-35 153
-164 -1
-39 -167
160 -80
121 141
-111 154
-181 -70
22 -197
198 -28
75 185
-160 119
-152 -124
81 -174
183 37
7 181
-169 46
-78 -149
125 -102
120 98
-72 131
-138 -46
22 -142
144 -4
29 143
-138 57
-85 -128
111 -114
140 85
-52 161
-173 -11
-33 -174
160 -78
119 134
-95 151
-169 -47
-4 -171
156 -53
94 126
-85 122
-134 -39
-8 -129
109 -48
77 77
-37 91
-90 2
-36 -75
48 -62
74 15
20 72
-59 50
-71 -35
6 -83
83 -25
52 72
-54 74
-88 -30
5 -94
92 -20
42 84
-72 59
-71 -58
42 -81
88 28
-12 94
-97 4
-23 -99
98 -42
63 93
-83 86
-108 -66
43 -127
138 12
21 142
-136 57
-89 -120
96 -116
136 63
-28 145
-143 8
-41 -131
112 -67
85 88
-63 95
-97 -39
19 -92
84 4
5 75
-68 10
-12 -64
64 -14
17 66
-70 24
-35 -74
76 -50
67 74
-65 86
-105 -51
31 -120
131 6
22 137
-135 51
-80 -127
111 -108
133 90
-64 153
-170 -33
-3 -179
183 -42
83 177
-162 124
-164 -136
99 -198
225 52
3 239
-239 64
-125 -221
187 -181
227 136
-71 257
-268 0
-71 -259
227 -139
192 177
-115 229
-243 -44
-25 -237
209 -86
134 166
-113 165
-176 -56
2 -169
146 -42
74 113
-74 90
-91 -38
8 -81
63 -15
26 41
-19 26
-18 -4
-7 -6
-10 -9
3 -23
32 -9
24 35
-31 40
-54 -21
6 -64
70 -13
33 68
-61 52
-70 -48
30 -84
93 8
17 97
-92 44
-69 -81
62 -93
111 36
-4 121
-122 31
-68 -112
91 -102
128 58
-17 144
-146 29
-74 -133
104 -114
143 64
-14 157
-154 37
-84 -134
99 -123
146 53
-2 151
-139 46
-85 -113
75 -112
123 33
9 118
-100 41
-64 -72
42 -73
71 14
8 58
-40 19
-21 -22
8 -13
0 1
-4 -14
23 -16
33 26
-19 50
-66 -4
-20 -73
72 -45
71 58
-36 91
-101 -7
-24 -100
89 -52
75 68
-43 87
-90 -17
-7 -84
73 -24
35 59
-46 39
-38 -37
33 -37
37 32
-34 42
-53 -35
30 -67
83 18
4 97
-104 33
-67 -97
80 -100
127 47
-4 141
-140 43
-90 -119
83 -127
147 33
23 148
-127 74
-114 -88
35 -136
136 -23
75 112
-70 116
-134 -14
-44 -130
103 -97
135 55
3 151
-144 64
-116 -113
66 -154
172 7
53 167
-141 105
-145 -99
49 -167
170 -2
49 157
-132 86
-110 -101
68 -123
127 38
-15 126
-122 6
-23 -120
119 -41
62 118
-115 89
-120 -104
83 -153
184 47
1 205
-211 60
-125 -196
160 -186
233 102
-27 261
-260 55
-135 -231
175 -201
243 100
-14 256
-237 71
-141 -190
121 -188
204 41
35 190
-147 98
-138 -85
16 -147
127 -51
101 82
-22 127
-124 45
-103 -92
39 -144
160 -28
96 145
-104 155
-193 -43
-30 -207
191 -104
166 150
-88 211
-229 -16
-57 -222
191 -122
170 142
-82 199
-205 -20
-37 -192
164 -84
115 126
-87 132
-137 -48
16 -132
120 -10
28 107
-94 41
-50 -83
74 -58
67 66
-58 78
-90 -48
32 -102
111 13
10 118
-117 36
-62 -111
97 -87
109 78
-53 127
-137 -25
-5 -143
142 -36
66 133
-121 95
-122 -101
75 -147
166 43
-5 180
-185 37
-85 -179
161 -132
175 128
-84 211
-234 -27
-37 -241
230 -103
165 199
-149 216
-253 -86
13 -268
263 -62
132 234
-188 189
-231 -126
57 -251
250 -13
78 228
-192 129
-166 -145
93 -188
194 41
5 186
-168 45
-75 -145
119 -97
113 93
-67 121
-128 -44
20 -131
133 -3
28 131
-126 54
-82 -115
98 -109
133 70
-38 149
-158 2
-46 -154
138 -86
122 109
-68 148
-160 -22
-27 -157
138 -73
111 105
-62 134
-142 -14
-34 -134
109 -75
105 72
-28 120
-118 18
-59 -101
69 -92
111 29
15 114
-101 57
-91 -75
38 -115
124 -4
46 118
-99 83
-111 -68
31 -129
133 -9
46 124
-106 77
-101 -81
51 -115
120 21
6 119
-112 30
-49 -102
91 -66
79 79
-68 93
-108 -55
38 -122
137 17
10 150
-157 45
-86 -155
141 -130
174 113
-70 209
-234 -13
-52 -242
228 -121
186 193
-137 239
-274 -65
-16 -284
268 -98
171 228
-166 226
-259 -90
9 -266
246 -66
131 205
-146 174
-195 -80
16 -191
169 -39
78 129
-85 98
-100 -41
5 -86
60 -19
28 32
-6 22
-5 12
-18 17
-40 -11
-7 -57
63 -32
60 58
-41 84
-101 -13
-18 -106
99 -51
79 80
-53 100
-109 -20
-11 -107
93 -39
61 72
-47 72
-73 -23
0 -66
53 -16
24 38
-22 25
-20 -9
1 -11
0 -2
-1 -10
19 -9
21 22
-22 33
-46 -16
5 -57
64 -11
29 66
-64 49
-69 -56
40 -87
102 19
7 110
-111 37
-67 -103
87 -96
118 60
-27 133
-138 10
-46 -131
112 -80
105 84
-49 120
-122 -14
-19 -112
93 -46
61 67
-41 66
-59 -17
1 -44
24 -5
0 8
3 -16
37 5
7 57
-72 31
-61 -77
67 -96
128 41
-3 152
-160 45
-95 -150
123 -141
178 81
-29 198
-199 28
-81 -183
151 -124
155 111
-65 170
-170 -22
-15 -161
143 -43
62 124
-107 74
-83 -94
86 -91
103 79
-71 121
-143 -57
33 -168
189 -3
50 200
-197 106
-164 -174
131 -216
255 70
3 273
-267 82
-156 -234
179 -218
257 106
-27 270
-257 52
-118 -220
165 -167
192 102
-40 194
-177 14
-53 -147
111 -76
83 75
-47 77
-66 -30
24 -55
48 25
-30 50
-60 -31
26 -76
92 11
14 103
-105 48
-82 -91
64 -114
133 23
25 136
-119 73
-112 -85
37 -136
139 -19
71 120
-82 114
-137 -28
-29 -138
117 -83
125 76
-22 147
-146 36
-88 -125
84 -129
151 34
20 151
-134 67
-103 -101
61 -123
128 21
14 119
-101 42
-56 -79
59 -61
60 44
-36 58
-56 -36
36 -62
74 36
-29 90
-109 -13
-13 -125
132 -49
90 126
-105 131
-163 -68
19 -183
187 -36
88 171
-137 134
-166 -91
38 -178
173 -14
60 152
-117 91
-108 -77
41 -109
96 10
9 76
-55 16
-12 -38
29 -1
-13 30
-41 -23
25 -60
81 15
5 98
-107 33
-67 -106
91 -100
128 65
-29 146
-151 10
-50 -144
125 -85
110 99
-68 126
-132 -35
7 -130
123 -17
37 112
-100 53
-66 -90
79 -78
91 67
-52 104
-117 -35
12 -127
131 -16
48 127
-115 78
-104 -92
62 -123
132 27
7 129
-114 38
-61 -91
65 -71
71 39
-19 61
-45 -9
10 -30
19 21
-39 18
-31 -57
69 -55
90 69
-54 127
-161 -20
-30 -184
188 -91
156 169
-125 215
-260 -60
-22 -282
274 -110
194 235
-170 262
-307 -84
-13 -321
303 -110
196 252
-178 261
-297 -85
-9 -301
274 -98
172 220
-148 222
-243 -67
-13 -237
206 -83
135 155
-95 164
-170 -31
-27 -155
122 -72
100 77
-29 108
-97 16
-50 -71
36 -70
73 -2
38 60
-33 64
-77 4
-42 -72
51 -77
100 16
29 109
-99 75
-117 -69
22 -145
154 -34
94 140
-105 147
-185 -49
-22 -202
192 -97
167 153
-89 219
-247 -8
-83 -243
207 -167
237 139
-51 278
-285 49
-149 -255
192 -231
286 102
4 306
-287 109
-201 -232
147 -267
298 46
59 290
-246 152
-222 -172
82 -259
260 -14
100 229
-169 166
-203 -92
12 -209
185 -61
116 137
-76 147
-150 -12
-44 -129
91 -84
103 43
6 100
-79 44
-70 -46
7 -77
66 -28
53 43
-11 64
-60 19
-45 -42
16 -59
60 -14
40 46
-22 58
-62 7
-36 -54
33 -59
71 3
29 69
-54 59
-81 -27
-8 -90
85 -43
75 67
-37 99
-110 0
-39 -107
90 -75
102 61
-26 117
-120 13
-49 -110
89 -80
102 59
-25 112
-111 9
-39 -99
79 -63
79 55
-28 84
-83 -3
-19 -73
58 -34
43 42
-25 46
-44 -10
-1 -37
28 -9
11 18
-9 9
-5 -3
1 0
-6 1
-4 -11
14 -9
15 14
-12 20
-25 -8
4 -27
30 -1
5 31
-31 8
-13 -33
35 -18
25 38
-40 34
-47 -41
37 -64
82 27
-9 98
-113 17
-50 -118
113 -89
128 95
-62 163
-188 -15
-41 -198
189 -100
158 161
-113 205
-236 -50
-20 -246
232 -94
159 194
-139 207
-235 -70
-4 -238
217 -72
126 177
-123 162
-176 -63
6 -168
144 -40
70 107
-67 82
-76 -30
4 -58
32 -8
5 7
10 -11
34 16
-7 60
-79 15
-48 -88
80 -85
120 57
-19 145
-154 28
-78 -146
119 -124
158 75
-23 176
-174 32
-85 -152
114 -126
151 65
-12 157
-144 39
-80 -115
75 -108
119 29
15 113
-92 53
-80 -61
22 -94
92 -17
53 78
-52 81
-98 -19
-20 -104
97 -57
91 77
-48 119
-136 -10
-32 -141
134 -76
117 113
-80 150
-176 -37
-13 -186
183 -66
117 162
-129 161
-192 -83
27 -210
210 -30
83 194
-164 130
-164 -122
73 -183
189 25
19 179
-160 57
-83 -135
108 -100
108 83
-63 111
-112 -48
36 -115
122 26
-11 132
-145 8
-36 -155
159 -72
115 153
-131 161
-201 -94
42 -232
246 -24
92 240
-210 158
-215 -160
94 -253
267 19
57 257
-225 125
-176 -173
110 -207
215 46
14 203
-174 62
-93 -137
98 -109
110 62
-36 101
-90 -20
13 -81
77 12
-12 81
-92 -6
-8 -106
118 -34
69 120
-109 109
-148 -81
38 -179
194 -20
83 187
-157 145
-193 -106
37 -223
226 -41
115 201
-150 177
-217 -80
0 -229
212 -79
145 168
-102 191
-209 -28
-49 -199
162 -113
158 105
-39 178
-171 28
-85 -141
93 -125
142 38
19 137
-112 66
-99 -72
25 -112
107 -22
60 84
-50 86
-96 -10
-28 -90
71 -62
85 41
-7 95
-93 28
-60 -79
56 -85
100 26
6 106
-103 39
-68 -90
70 -94
113 45
-13 126
-130 21
-56 -126
111 -91
122 88
-54 147
-162 -13
-32 -167
156 -79
122 133
-95 157
-182 -48
-6 -190
181 -60
109 156
-117 147
-171 -67
15 -178
169 -37
81 143
-106 113
-129 -62
19 -131
116 -20
49 92
-62 66
-69 -31
3 -62
44 -16
25 23
-1 24
-14 16
-27 4
-24 -29
20 -43
57 4
16 64
-62 40
-61 -52
34 -79
89 12
13 92
-87 37
-58 -75
58 -73
84 38
-18 88
-87 1
-18 -83
75 -33
44 66
-56 54
-61 -46
36 -67
72 25
-13 77
-80 0
-14 -81
79 -30
45 74
-65 60
-74 -53
37 -85
92 18
3 93
-90 23
-42 -82
69 -57
68 54
-37 76
-78 -19
4 -76
70 -11
22 63
-55 29
-33 -47
40 -36
37 35
-32 40
-42 -29
28 -47
54 24
-18 61
-70 -8
-5 -77
81 -21
41 81
-74 62
-82 -61
42 -99
111 18
12 116
-112 41
-70 -99
78 -94
111 51
-19 119
-118 13
-43 -108
89 -69
87 64
-35 96
-96 -7
-21 -88
72 -42
56 51
-28 62
-60 -5
-14 -50
34 -28
35 16
3 33
-24 20
-31 -9
-9 -35
32 -28
46 21
-3 59
-65 20
-45 -62
50 -69
89 29
-1 102
-105 31
-64 -98
80 -95
120 52
-17 135
-140 23
-63 -132
112 -100
130 82
-43 151
-159 0
-44 -156
138 -86
122 111
-74 147
-162 -32
-14 -165
157 -56
96 136
-106 128
-152 -70
28 -166
169 -17
61 161
-139 103
-138 -109
69 -165
180 21
28 182
-170 79
-126 -143
103 -164
190 51
7 198
-189 67
-122 -161
115 -167
194 57
7 201
-187 71
-126 -151
99 -166
186 37
28 183
-157 88
-135 -110
52 -160
162 -11
69 141
-100 115
-141 -46
-14 -145
124 -71
115 85
-32 140
-142 27
-81 -122
82 -124
148 30
28 150
-131 81
-122 -94
46 -147
152 -7
57 138
-108 95
-120 -68
24 -128
120 -16
48 100
-72 67
-74 -43
18 -70
58 1
8 44
-32 8
-2 -24
23 5
-12 30
-42 -12
4 -55
64 -11
31 68
-62 54
-76 -46
22 -90
95 -7
37 87
-69 62
-78 -41
10 -81
71 -19
43 51
-23 53
-50 8
-34 -34
5 -52
54 -29
63 40
-12 91
-105 29
-75 -102
80 -121
157 39
13 178
-180 74
-134 -159
117 -186
222 61
9 238
-231 79
-143 -201
154 -195
228 92
-25 241
-233 41
-98 -207
165 -143
170 115
-65 181
-176 -17
-23 -160
134 -52
68 105
-79 74
-71 -57
43 -63
53 38
-39 46
-46 -46
54 -52
64 60
-61 85
-110 -54
38 -134
157 10
26 172
-177 70
-117 -168
146 -164
206 109
-60 238
-255 0
-63 -257
240 -129
188 207
-156 236
-272 -93
23 -287
284 -50
119 261
-220 178
-223 -165
101 -251
259 34
32 249
-222 89
-135 -182
134 -165
179 82
-32 178
-163 12
-47 -139
109 -70
80 77
-48 81
-73 -23
7 -60
45 -4
5 30
-18 2
6 -10
8 14
-22 11
-16 -29
31 -25
34 31
-28 42
-50 -23
16 -56
61 9
-2 66
-70 7
-16 -75
79 -28
43 82
-82 62
-84 -79
69 -108
131 51
-24 152
-167 11
-51 -174
168 -96
141 148
-116 180
-210 -73
20 -228
231 -37
92 218
-190 142
-182 -149
101 -208
221 50
2 219
-206 47
-85 -184
156 -114
133 126
-97 146
-153 -71
48 -158
163 26
-3 167
-171 23
-53 -173
169 -88
125 158
-133 164
-198 -98
50 -225
238 -9
72 232
-208 132
-185 -164
104 -222
237 35
36 229
-198 101
-150 -147
82 -179
182 15
49 160
-117 100
-128 -59
-4 -132
111 -64
111 68
-10 137
-139 54
-117 -115
69 -167
198 4
67 205
-186 139
-202 -143
81 -249
275 6
74 276
-253 152
-219 -209
148 -272
305 74
5 319
-311 83
-159 -283
239 -224
276 178
-109 313
-331 -32
-49 -331
310 -127
197 270
-213 257
-301 -142
63 -324
324 -21
101 301
-258 170
-223 -198
127 -256
266 53
18 253
-221 77
-120 -176
125 -145
151 73
-29 138
-117 1
-18 -90
65 -22
13 47
-39 0
13 -45
60 20
-17 80
-101 -1
-28 -115
117 -64
102 106
-77 138
-162 -36
-14 -170
161 -66
113 134
-91 147
-164 -39
-15 -162
140 -65
101 104
-58 123
-125 -8
-36 -109
79 -68
87 40
0 89
-75 37
-65 -49
17 -80
81 -20
52 68
-46 77
-92 -17
-15 -96
90 -45
71 75
-53 91
-106 -28
1 -111
111 -27
55 104
-92 79
-102 -74
50 -121
136 20
14 143
-142 51
-89 -130
107 -125
154 72
-30 174
-180 19
-70 -171
147 -117
155 108
-58 179
-188 -3
-50 -177
151 -97
133 113
-65 154
-158 -18
-28 -146
123 -63
88 92
-57 99
-99 -26
-1 -88
74 -17
26 57
-44 27
-24 -35
33 -19
17 36
-42 20
-29 -50
53 -44
