-74 -37
-82 -49
-89 -61
-96 -73
-101 -85
-106 -97
-110 -108
-113 -120
-116 -131
-117 -142
-116 -153
-115 -164
-113 -174
-110 -184
-107 -194
-102 -203
-97 -212
-91 -220
-84 -227
-77 -233
-70 -238
-63 -243
-56 -246
-50 -247
-43 -247
-37 -246
-31 -243
-27 -238
-23 -232
-20 -225
-18 -215
-16 -205
-16 -192
-17 -179
-19 -164
-22 -148
-26 -131
-30 -113
-35 -94
-41 -76
-48 -57
-54 -38
-61 -19
-68 -1
-75 17
-81 33
-88 49
-93 63
-98 76
-102 87
-106 96
-108 104
-109 110
-110 114
-109 116
-107 116
-105 114
-101 111
-97 106
-92 99
-87 90
-80 81
-74 70
-68 58
-61 46
-54 33
-48 19
-42 5
-37 -9
-32 -22
-28 -36
-25 -49
-23 -62
-21 -74
-21 -85
-21 -95
-23 -104
-25 -112
-28 -119
-31 -125
-35 -129
-39 -132
-44 -134
-49 -135
-53 -135
-57 -133
-61 -130
-65 -126
-68 -121
-70 -115
-71 -107
-71 -99
-70 -90
-68 -80
-65 -68
-62 -57
-57 -44
-51 -31
-44 -18
-37 -4
-29 10
-21 25
-12 40
-4 54
4 68
13 82
20 96
27 109
33 121
38 132
42 142
44 151
46 158
45 164
44 168
41 170
36 171
31 169
24 166
16 160
7 153
-3 143
-13 131
-24 118
-35 103
-46 86
-56 68
-66 49
-75 29
-83 8
-91 -14
-96 -35
-101 -56
-103 -77
-104 -96
-104 -115
-101 -132
-97 -148
-91 -161
-83 -172
-74 -181
-64 -187
-52 -190
-39 -191
-26 -189
-12 -184
3 -176
18 -166
32 -153
47 -138
61 -121
74 -102
86 -82
97 -61
107 -39
116 -17
123 5
129 27
133 48
136 68
137 86
137 102
136 117
134 129
131 138
126 145
122 149
116 150
111 148
105 144
99 137
94 127
89 115
84 101
81 86
77 69
75 51
74 32
73 12
73 -7
74 -26
76 -44
78 -62
81 -78
84 -92
88 -105
92 -116
96 -125
99 -132
103 -136
106 -139
108 -139
110 -138
110 -134
110 -129
110 -122
108 -115
105 -106
101 -97
96 -87
91 -77
85 -67
78 -58
71 -49
63 -41
56 -34
48 -28
41 -24
35 -20
29 -18
23 -17
19 -17
16 -17
14 -19
13 -21
14 -24
15 -26
19 -28
23 -30
29 -31
35 -31
43 -30
51 -28
60 -24
69 -18
78 -10
87 0
95 12
103 26
109 41
114 59
118 77
120 97
120 118
118 140
113 161
107 183
98 204
86 224
73 242
57 259
39 273
20 284
-1 293
-23 297
-47 299
-70 297
-94 290
-118 280
-142 266
-164 247
-186 226
-205 200
-223 172
-238 140
-250 107
-259 71
-266 34
-269 -3
-268 -41
-264 -79
-257 -115
-245 -150
-231 -183
-214 -213
-193 -240
-170 -263
-145 -283
-117 -298
-88 -308
-58 -314
-27 -315
4 -311
35 -302
65 -289
94 -271
122 -250
147 -225
170 -196
191 -166
208 -133
223 -98
234 -63
241 -28
245 7
245 41
242 73
235 103
225 130
212 155
197 175
178 192
158 204
136 212
112 216
88 215
63 210
38 201
13 187
-11 170
-34 149
-55 125
-74 99
-92 70
-107 40
-119 10
-129 -22
-136 -54
-140 -85
-141 -114
-139 -143
-135 -169
-128 -193
-118 -214
-107 -232
-94 -247
-79 -259
-63 -266
-46 -271
-29 -272
-11 -269
7 -263
24 -254
40 -242
55 -228
68 -211
80 -193
91 -172
99 -151
105 -129
109 -106
110 -83
109 -60
106 -39
101 -18
94 2
85 21
74 37
62 53
48 66
33 77
18 86
2 93
-13 98
-29 102
-45 103
-59 103
-73 101
-85 98
-97 94
-106 88
-114 82
-120 75
-124 68
-127 60
-127 52
-125 44
-121 37
-116 29
-109 22
-100 15
-90 9
-79 3
-66 -3
-53 -7
-40 -12
-26 -15
-12 -18
2 -21
15 -23
28 -24
40 -25
51 -26
61 -26
69 -25
76 -25
81 -24
85 -22
87 -21
87 -19
86 -17
83 -14
78 -12
72 -9
64 -5
56 -2
46 2
35 5
23 9
11 13
-2 16
-15 20
-28 23
-41 26
-54 29
-66 31
-78 32
-88 33
-98 33
-107 32
-115 29
-121 26
-126 22
-130 16
-133 9
-134 0
-134 -9
-133 -20
-131 -33
-128 -46
-123 -60
-118 -76
-112 -92
-105 -108
-98 -125
-90 -142
-83 -159
-74 -176
-66 -192
-59 -207
-51 -220
-44 -233
-37 -244
-31 -253
-26 -259
-21 -264
-17 -266
-14 -266
-12 -264
-11 -258
-10 -251
-11 -240
-12 -228
-15 -213
-18 -196
-21 -177
-26 -157
-30 -135
-36 -112
-41 -89
-47 -66
-53 -42
-59 -19
-65 3
-71 24
-76 43
-81 61
-86 77
-90 91
-93 102
-96 111
-98 118
-99 121
-100 122
-99 120
-98 116
-95 110
-92 101
-88 91
-83 79
-78 66
-71 51
-64 37
-57 22
-48 7
-40 -8
-32 -21
-23 -33
-14 -44
-5 -52
3 -59
12 -63
19 -65
27 -65
33 -61
39 -56
44 -47
49 -36
52 -23
54 -8
55 9
55 27
54 47
51 67
48 88
43 109
37 129
30 149
23 167
14 184
4 199
-6 211
-17 221
-29 228
-41 232
-53 233
-65 231
-77 225
-89 216
-101 204
-113 189
-123 171
-133 150
-143 127
-151 102
-158 75
-165 47
-170 18
-173 -11
-176 -41
-177 -70
-177 -98
-176 -125
-173 -150
-169 -174
-165 -195
-158 -214
-151 -230
-144 -243
-135 -253
-125 -260
-115 -264
-105 -265
-94 -263
-83 -258
-72 -250
-61 -240
-50 -228
-39 -215
-29 -200
-19 -184
-10 -167
-1 -150
7 -133
15 -117
21 -101
27 -87
33 -74
37 -63
41 -54
45 -48
48 -43
50 -42
51 -42
53 -46
54 -52
54 -60
55 -70
55 -83
55 -98
55 -114
55 -132
55 -150
54 -169
54 -189
54 -208
54 -228
54 -246
54 -263
53 -279
53 -293
52 -305
51 -315
50 -323
49 -328
47 -330
45 -329
42 -325
39 -319
35 -310
31 -298
26 -284
21 -267
15 -248
9 -227
2 -205
-5 -181
-12 -156
-19 -131
-25 -105
-32 -79
-38 -53
-44 -28
-49 -4
-54 19
-57 40
-59 61
-61 79
-60 95
-59 109
-56 121
-51 131
-44 139
-37 144
-27 148
-16 149
-3 149
11 147
26 144
42 138
60 132
77 125
96 118
115 109
133 101
152 92
169 84
186 76
202 68
217 62
230 55
241 50
250 46
257 43
262 41
265 40
264 40
262 40
257 42
249 44
239 47
227 50
213 54
197 58
179 61
160 65
139 68
118 71
97 73
75 74
53 74
31 74
10 72
-9 70
-28 66
-45 61
-61 55
-75 48
-87 39
-96 30
-104 21
-109 10
-112 -1
-113 -12
-112 -24
-109 -36
-105 -48
-99 -59
-91 -71
-83 -81
-74 -91
-64 -100
-54 -109
-44 -116
-34 -123
-24 -128
-15 -132
-7 -135
0 -137
6 -138
10 -138
13 -136
15 -135
16 -132
15 -128
13 -124
10 -120
5 -115
0 -110
-5 -105
-11 -100
-17 -95
-24 -90
-29 -85
-35 -81
-39 -77
-43 -74
-45 -71
-46 -69
-46 -67
-44 -65
-41 -64
-35 -63
-29 -63
-20 -63
-10 -63
1 -63
13 -63
27 -63
41 -63
56 -62
70 -62
85 -61
100 -59
114 -58
127 -56
138 -54
148 -51
156 -49
163 -46
166 -43
168 -39
167 -36
164 -33
157 -30
149 -27
137 -24
123 -22
107 -20
89 -19
69 -18
47 -18
24 -18
0 -19
-25 -21
-50 -23
-75 -26
-99 -30
-123 -34
-145 -38
-167 -43
-186 -48
-204 -53
-219 -58
-232 -63
-243 -68
-250 -73
-256 -77
-258 -80
-258 -83
-255 -86
-249 -88
-242 -89
-232 -89
-220 -89
-207 -88
-192 -86
-176 -84
-159 -81
-142 -77
-124 -74
-107 -70
-89 -66
-73 -62
-57 -58
-41 -54
-27 -51
-15 -48
-3 -45
7 -43
15 -42
22 -41
28 -41
32 -42
35 -43
37 -44
38 -46
38 -48
37 -50
35 -53
33 -55
31 -57
28 -58
26 -59
24 -59
22 -58
20 -56
18 -52
17 -47
17 -41
16 -34
16 -25
16 -14
17 -2
17 12
18 27
18 43
18 59
18 77
17 94
16 112
14 130
10 147
6 164
1 179
-5 193
-12 205
-20 215
-29 223
-39 228
-50 230
-61 230
-73 227
-85 220
-98 211
-110 198
-122 182
-133 164
-144 143
-153 120
-161 95
-168 68
-173 40
-176 11
-178 -18
-177 -48
-174 -77
-169 -104
-162 -131
-152 -156
-141 -179
-128 -199
-113 -217
-96 -231
-78 -243
-59 -250
-39 -255
-19 -256
1 -253
21 -247
41 -237
60 -225
77 -210
93 -192
107 -173
120 -152
130 -130
138 -107
143 -84
145 -61
145 -38
143 -17
137 2
130 19
119 34
107 47
93 56
77 62
60 65
41 65
22 61
3 55
-16 45
-35 32
-53 17
-70 -1
-86 -21
-100 -43
-112 -65
-121 -89
-128 -112
-133 -136
-134 -158
-133 -180
-129 -200
-123 -218
-113 -234
-101 -247
-87 -257
-70 -264
-52 -267
-32 -267
-10 -264
12 -257
35 -247
58 -234
81 -218
104 -200
125 -178
146 -155
165 -131
182 -105
197 -78
210 -52
221 -25
229 1
234 26
237 50
237 72
234 91
230 109
222 123
213 135
202 144
189 150
174 153
159 152
143 149
126 143
110 134
93 123
78 110
63 95
49 79
37 61
27 43
19 24
12 6
8 -12
7 -30
7 -46
10 -61
16 -74
23 -85
33 -94
45 -101
58 -106
73 -107
89 -106
106 -103
124 -97
142 -88
160 -77
177 -64
194 -49
210 -33
224 -14
237 5
248 25
256 46
262 67
266 87
267 107
266 127
261 146
254 163
244 179
232 193
217 205
200 214
181 222
160 227
138 230
115 230
90 227
66 222
41 214
17 204
-6 192
-29 178
-50 161
-69 143
-86 123
-101 102
-113 79
-122 56
-129 33
-132 9
-133 -15
-130 -38
-124 -61
-116 -83
-104 -103
-90 -122
-74 -139
-56 -154
-35 -167
-14 -178
8 -186
31 -191
55 -193
78 -192
100 -188
121 -181
140 -171
158 -158
173 -143
186 -124
196 -103
202 -80
206 -54
205 -27
202 2
195 32
184 63
169 95
152 127
131 158
108 190
82 220
54 249
24 277
-7 302
-39 326
-71 347
-103 365
-134 381
-164 394
-193 403
-220 409
-244 412
-265 412
-283 409
-298 402
-309 393
-316 381
-319 366
-318 350
-313 331
-304 310
-292 288
-275 265
-256 242
-233 217
-207 193
-180 169
-150 145
-119 122
-87 100
-55 79
-23 60
8 42
39 25
68 10
95 -4
120 -15
142 -26
162 -35
178 -42
192 -48
202 -54
209 -58
212 -62
213 -65
210 -68
205 -70
197 -73
187 -76
175 -79
161 -82
146 -86
131 -91
115 -95
100 -101
85 -106
71 -112
58 -119
47 -125
37 -131
30 -137
25 -143
23 -148
23 -152
25 -155
30 -157
37 -157
47 -156
59 -154
72 -150
87 -144
103 -137
120 -128
137 -118
154 -106
171 -93
187 -79
202 -64
216 -49
227 -34
237 -19
244 -5
249 9
251 22
250 32
246 41
239 48
230 53
218 55
203 54
186 50
166 44
145 34
122 22
99 7
74 -11
49 -31
24 -53
0 -76
-24 -101
-47 -127
-68 -152
-88 -178
-106 -203
-121 -226
-134 -248
-145 -268
-154 -285
-159 -300
-163 -310
-164 -318
-162 -321
-159 -321
-154 -316
-147 -307
-139 -295
-129 -278
-119 -259
-109 -235
-98 -210
-87 -181
-77 -151
-67 -120
-59 -88
-51 -56
-45 -24
-40 7
-36 35
-34 62
-34 85
-35 106
-37 122
-41 135
-45 143
-51 147
-57 146
-64 140
-71 130
-78 116
-85 98
-92 76
-97 50
-101 22
-105 -8
-107 -40
-107 -73
-106 -107
-103 -140
-98 -172
-92 -203
-84 -231
-74 -257
-63 -279
-51 -298
-37 -312
-23 -323
-8 -328
8 -329
23 -326
39 -318
54 -305
68 -289
81 -268
94 -245
105 -218
114 -190
122 -159
129 -127
133 -95
136 -63
136 -32
135 -2
133 26
129 52
123 75
116 94
109 111
100 123
91 132
82 137
73 138
64 136
56 130
48 121
41 110
36 96
31 80
28 63
27 45
27 28
28 10
31 -7
35 -22
41 -36
48 -47
55 -55
64 -60
73 -62
82 -61
91 -56
100 -48
109 -36
117 -21
124 -3
130 17
134 40
136 65
137 90
136 116
134 143
129 169
122 194
114 217
103 238
91 257
77 272
63 284
47 292
30 296
12 296
-6 291
-24 282
-41 269
-58 252
-75 231
-90 207
-104 179
-117 149
-127 117
-136 83
-143 48
-148 13
-151 -22
-152 -56
-151 -89
-147 -120
-142 -148
-135 -174
-126 -197
-116 -216
-104 -231
-91 -242
-78 -250
-64 -253
-49 -252
-35 -248
-20 -240
-6 -229
8 -215
21 -199
34 -181
45 -161
55 -139
64 -118
72 -96
79 -74
84 -53
89 -34
92 -16
94 1
95 14
95 26
94 35
92 41
90 45
87 46
84 44
80 40
77 34
73 25
69 16
65 5
61 -8
57 -20
53 -33
49 -46
46 -59
42 -71
38 -82
35 -92
31 -100
27 -107
23 -112
19 -115
14 -117
9 -117
4 -115
-1 -112
-7 -108
-13 -102
-19 -96
-25 -89
-31 -82
-38 -75
-45 -68
-51 -62
-57 -57
-63 -53
-68 -50
-73 -49
-77 -49
-80 -51
-82 -55
-84 -61
-84 -69
-83 -78
-81 -89
-78 -102
-73 -115
-68 -130
-61 -145
-54 -160
-45 -176
-36 -191
-26 -205
-15 -219
-5 -231
6 -242
17 -250
28 -257
38 -262
48 -264
57 -264
65 -261
73 -256
79 -248
84 -238
88 -226
91 -212
92 -196
93 -179
92 -161
91 -141
88 -122
85 -102
81 -82
77 -62
73 -44
69 -26
65 -10
62 5
59 17
57 28
56 37
56 43
58 47
60 49
65 49
70 46
77 42
85 36
95 28
106 19
117 9
130 -1
143 -12
156 -24
170 -35
183 -45
195 -55
206 -64
216 -72
225 -79
232 -83
237 -87
239 -88
239 -88
237 -86
231 -82
222 -76
211 -68
196 -59
179 -49
159 -37
136 -25
111 -12
84 2
55 16
24 30
-8 44
-40 57
-73 70
-106 81
-138 92
-170 101
-200 108
-229 114
-255 118
-279 120
-300 121
-318 119
-333 116
-344 110
-352 103
-357 95
-357 84
-354 72
-347 60
-337 46
-324 31
-307 15
-288 -1
-267 -17
-243 -33
-217 -49
-190 -65
-162 -81
-133 -95
-103 -109
-74 -121
-45 -133
-17 -143
9 -151
35 -158
59 -164
81 -167
101 -169
119 -170
134 -168
147 -165
157 -161
165 -154
171 -147
174 -138
174 -127
172 -116
169 -103
163 -90
155 -76
146 -61
135 -46
123 -31
109 -16
95 -1
80 13
65 27
49 40
33 53
17 64
1 75
-15 83
-30 91
-45 96
-59 101
-73 103
-86 104
-98 103
-110 100
-120 95
-129 89
-138 81
-145 72
-152 62
-157 50
-161 37
-164 23
-166 9
-167 -6
-166 -20
-164 -35
-162 -50
-158 -64
-152 -78
-146 -90
-139 -102
-130 -112
-121 -121
-111 -129
-100 -135
-88 -139
-76 -141
-64 -142
-51 -141
-38 -138
-25 -133
-13 -127
-1 -120
11 -111
22 -102
32 -91
41 -80
49 -68
55 -56
61 -43
64 -32
66 -20
67 -9
66 2
64 11
60 19
54 27
48 33
40 37
30 41
21 43
10 45
-1 45
-12 44
-24 42
-35 40
-46 36
-56 33
-65 29
-73 26
-79 23
-85 20
-88 18
-90 17
-90 17
-88 18
-84 20
-78 23
-70 28
-61 34
-50 42
-37 51
-23 61
-8 73
8 85
25 98
43 112
60 127
78 141
95 155
112 169
128 183
142 195
156 207
168 217
178 225
187 232
194 237
200 239
203 240
205 238
205 235
203 229
199 220
194 210
188 198
181 184
173 168
164 151
154 133
145 114
135 94
125 74
116 53
107 33
99 13
92 -6
85 -25
79 -42
75 -58
71 -73
69 -86
68 -97
67 -106
68 -114
69 -120
70 -124
73 -126
75 -127
78 -126
81 -124
83 -120
85 -115
87 -109
89 -102
89 -94
89 -86
88 -78
86 -69
83 -59
79 -50
74 -41
69 -32
62 -24
55 -15
47 -7
39 0
31 8
22 15
13 21
4 27
-4 33
-12 39
-20 44
-27 49
-33 53
-39 58
-44 62
-47 66
-50 70
-53 74
-54 77
-54 80
-54 82
-54 84
-53 85
-51 86
-49 86
-48 85
-46 83
-44 80
-43 76
-43 72
-43 65
-43 58
-44 50
-46 40
-49 29
-52 17
-57 5
-61 -9
-67 -24
-73 -39
-79 -54
-85 -70
-91 -86
-97 -101
-103 -117
-108 -131
-112 -145
-116 -157
-118 -169
-119 -179
-119 -187
-117 -194
-114 -198
-109 -201
-103 -201
-96 -199
-87 -195
-77 -189
-65 -180
-53 -170
-40 -158
-26 -144
-12 -128
2 -112
16 -94
29 -75
42 -55
54 -36
64 -16
73 4
80 23
85 42
88 59
89 76
87 91
84 104
78 116
70 126
60 134
48 141
35 145
20 147
3 148
-14 147
-31 144
-49 140
-67 134
-84 126
-100 118
-115 108
-129 98
-140 87
-150 76
-157 64
-162 53
-164 41
-164 29
-161 18
-155 7
-146 -4
-135 -14
-122 -23
-106 -32
-89 -40
-70 -48
-49 -55
-28 -62
-6 -67
16 -73
38 -78
60 -83
81 -87
100 -92
118 -96
134 -99
148 -103
159 -106
169 -110
175 -113
180 -116
181 -119
180 -122
177 -124
171 -127
164 -129
154 -131
143 -132
130 -133
117 -134
102 -134
88 -134
73 -133
59 -132
45 -130
32 -128
21 -125
10 -122
1 -118
-6 -114
-11 -110
-15 -105
-16 -101
-16 -96
-15 -92
-11 -87
-6 -83
0 -79
7 -75
14 -72
23 -69
31 -67
40 -65
48 -64
56 -63
63 -63
69 -63
73 -63
76 -64
78 -65
78 -67
77 -69
73 -70
68 -72
62 -74
54 -75
45 -76
35 -77
24 -78
12 -78
0 -78
-12 -77
-24 -76
-35 -75
-46 -73
-55 -71
-63 -69
-69 -67
-74 -64
-77 -62
-78 -60
-77 -58
-74 -57
-68 -56
-61 -57
-52 -58
-41 -59
-29 -62
-16 -66
-1 -71
14 -77
30 -84
46 -92
61 -102
76 -111
91 -122
104 -134
116 -146
126 -158
134 -170
141 -183
145 -195
147 -207
147 -218
145 -228
140 -237
133 -245
125 -252
115 -257
103 -261
90 -263
76 -263
61 -262
46 -258
30 -254
15 -247
1 -240
-13 -230
-25 -220
-36 -209
-46 -197
-54 -184
-60 -171
-64 -157
-66 -144
-66 -130
-64 -118
-61 -106
-55 -94
-48 -84
-40 -74
-31 -66
-21 -58
-11 -52
0 -47
11 -43
21 -40
30 -38
39 -37
46 -37
51 -37
55 -37
58 -38
58 -38
56 -39
52 -39
46 -39
38 -38
28 -36
16 -34
3 -31
-11 -27
-27 -22
-43 -16
-60 -10
-77 -3
-94 5
-110 13
-125 21
-139 30
-152 38
-162 46
-171 53
-178 59
-182 65
-183 69
-182 72
-178 73
-172 73
-163 72
-151 68
-138 63
-122 56
-104 48
-85 38
-64 27
-43 14
-20 1
2 -13
24 -27
46 -41
68 -56
88 -69
107 -82
124 -94
139 -104
152 -113
162 -120
170 -125
176 -128
179 -128
179 -126
176 -122
170 -115
163 -107
152 -95
139 -82
124 -68
108 -52
89 -34
70 -16
48 3
26 21
4 40
-20 58
-43 75
-66 90
-90 104
-112 116
-135 125
-156 133
-176 137
-195 139
-213 138
-230 134
-245 127
-259 117
-271 105
-282 91
-291 74
-299 56
-305 36
-310 14
-313 -8
-315 -30
-315 -53
-314 -75
-311 -97
-307 -117
-302 -137
-296 -154
-287 -170
-278 -183
-268 -194
-256 -202
-243 -208
-228 -211
-213 -212
-196 -210
-178 -205
-160 -198
-141 -189
-120 -178
-100 -165
-79 -151
-57 -135
-35 -119
-13 -102
8 -85
29 -68
49 -51
69 -35
87 -20
104 -5
119 8
133 20
144 30
154 39
161 47
166 53
168 57
168 60
166 62
160 62
152 61
142 59
130 56
115 53
99 48
80 44
61 39
40 33
19 27
-3 22
-25 16
-46 10
-67 4
-86 -2
-105 -8
-121 -15
-135 -21
-147 -27
-156 -34
-162 -41
-165 -49
-165 -57
-161 -65
-155 -74
-144 -84
-131 -94
-115 -104
-95 -115
-73 -127
-48 -138
-21 -150
7 -162
37 -173
68 -185
100 -196
132 -206
164 -215
195 -223
224 -229
253 -234
279 -238
304 -239
326 -238
345 -235
361 -230
374 -222
383 -213
390 -201
393 -187
392 -170
389 -152
382 -132
372 -111
360 -89
345 -66
328 -42
310 -18
289 6
268 29
245 52
222 73
199 93
177 111
154 128
133 142
112 153
93 162
75 169
59 172
45 174
33 172
22 168
14 162
7 154
2 143
-2 132
-3 118
-4 104
-3 90
-2 75
1 59
4 45
8 30
11 17
15 5
18 -5
20 -14
22 -22
23 -27
24 -31
23 -32
21 -32
19 -30
15 -27
9 -22
3 -15
-4 -8
-12 0
-21 9
-30 17
-40 26
-51 34
-62 42
-72 49
-83 55
-94 59
-104 62
-114 64
-123 64
-132 62
-139 58
-146 53
-152 47
-157 38
-161 29
-165 18
-167 7
-169 -5
-169 -18
-169 -30
-168 -43
-167 -55
-165 -66
-163 -77
-160 -86
-157 -94
-154 -101
-150 -106
-146 -110
-142 -112
-139 -113
-134 -111
-130 -109
-126 -105
-121 -99
-117 -93
-112 -85
-107 -77
-101 -68
-96 -59
-89 -50
-83 -41
-76 -32
-68 -24
-60 -16
-51 -9
-42 -3
-32 3
-22 8
-11 12
0 14
12 17
23 19
35 21
46 22
57 24
68 25
78 27
87 30
95 33
103 38
108 44
113 50
116 59
117 69
116 80
113 93
109 107
102 123
94 140
84 158
72 177
58 196
43 216
26 235
8 255
-11 273
-30 291
-50 307
-70 321
-90 333
-110 343
-129 351
-147 355
-163 357
-179 356
-192 352
-204 344
-213 334
-220 321
-225 306
-227 288
-227 268
-224 247
-219 224
-211 200
-201 176
-188 152
-174 129
-158 106
-140 84
-121 65
-102 47
-81 32
-60 19
-39 10
-18 3
3 -1
22 -1
41 1
58 7
73 15
87 26
99 39
109 54
117 70
123 88
126 106
128 124
127 142
124 159
120 174
113 188
105 199
96 209
86 215
74 218
62 219
50 216
37 209
25 200
12 187
0 171
-11 153
-21 132
-30 109
-38 85
-45 59
-50 32
-54 5
-57 -21
-58 -47
-58 -72
-57 -95
-55 -117
-51 -136
-47 -152
-42 -165
-36 -176
-30 -183
-23 -186
-16 -187
-10 -184
-3 -179
3 -171
8 -160
13 -147
17 -132
21 -115
24 -98
26 -80
27 -62
27 -44
26 -27
24 -11
22 4
19 16
15 27
11 36
7 42
2 46
-2 47
-7 45
-11 42
-15 36
-19 28
-22 18
-25 6
-27 -7
-28 -20
-28 -34
-28 -48
-27 -62
-26 -75
-23 -87
-20 -98
-16 -107
-12 -114
-7 -119
-2 -122
3 -122
8 -120
14 -116
19 -109
24 -99
29 -88
33 -75
36 -60
39 -43
41 -26
43 -8
43 11
43 30
42 48
40 66
38 84
34 100
30 114
25 127
19 138
13 148
6 155
-1 161
-9 164
-16 165
-24 165
-32 163
-40 160
-47 155
-54 149
-61 142
-68 135
-74 127
-80 119
-85 111
-90 104
-94 97
-98 90
-101 85
-103 80
-106 76
-107 74
-108 72
-109 71
-109 71
-109 72
-108 73
-107 75
-106 77
-104 78
-102 80
-100 82
-98 83
-95 83
-93 82
-90 80
-86 78
-83 74
-79 69
-75 63
-71 56
-66 47
-61 38
-56 28
-51 17
-45 6
-39 -5
-33 -16
-26 -27
-20 -37
-13 -47
-7 -56
0 -63
7 -69
14 -74
21 -77
27 -78
33 -78
39 -76
45 -72
50 -67
55 -60
59 -52
63 -43
66 -34
69 -24
71 -13
72 -3
73 7
74 16
74 24
73 31
73 37
71 41
70 42
68 42
67 40
65 36
63 30
61 22
60 12
59 0
58 -13
57 -27
56 -41
56 -56
57 -71
57 -86
58 -100
59 -112
61 -123
62 -132
64 -138
66 -142
67 -143
69 -141
70 -135
70 -126
70 -115
69 -99
68 -81
65 -60
62 -36
57 -11
52 17
45 46
37 76
27 106
17 137
5 166
-7 194
-21 220
-35 245
-51 266
-67 284
-83 298
-100 309
-116 315
-133 317
-149 315
-165 308
-179 297
-193 282
-206 262
-217 239
-227 213
-235 184
-241 152
-246 119
-248 85
-248 49
-246 14
-242 -21
-237 -55
-229 -88
-219 -118
-207 -146
-194 -171
-180 -192
-164 -210
-147 -224
-130 -235
-111 -241
-93 -244
-74 -243
-56 -239
-38 -231
-20 -220
-3 -207
13 -191
27 -174
41 -155
52 -136
63 -117
72 -97
79 -79
85 -62
89 -46
91 -32
92 -21
91 -12
89 -5
86 -2
81 -1
76 -4
70 -9
63 -17
56 -27
49 -39
41 -53
33 -69
26 -86
19 -104
12 -122
6 -141
0 -159
-5 -176
-10 -191
-14 -206
-17 -219
-19 -229
-21 -238
-22 -244
-23 -248
-23 -249
-23 -248
-22 -245
-21 -239
-19 -232
-18 -222
-16 -212
-15 -199
-13 -186
-11 -172
-10 -158
-9 -144
-7 -130
-6 -117
-5 -105
-4 -94
-3 -84
-2 -75
-1 -68
0 -63
1 -59
2 -57
3 -57
5 -58
7 -60
9 -64
12 -69
15 -74
18 -80
21 -86
24 -92
28 -98
32 -104
35 -109
39 -113
42 -116
45 -119
47 -120
49 -120
50 -118
50 -115
49 -112
46 -107
43 -101
38 -95
32 -88
24 -81
15 -75
5 -68
-7 -61
-20 -55
-34 -51
-49 -47
-65 -45
-82 -44
-99 -45
-117 -47
-135 -51
-152 -56
-169 -63
-184 -72
-199 -82
-213 -93
-224 -105
-234 -118
-242 -131
-247 -145
-250 -158
-250 -170
-247 -182
-242 -193
-233 -202
-222 -210
-208 -216
-192 -219
-172 -221
-151 -220
-127 -216
-102 -210
-75 -202
-48 -191
-19 -178
10 -163
39 -146
68 -127
96 -107
122 -87
147 -66
171 -44
192 -23
210 -2
226 17
239 36
249 53
256 67
259 80
259 90
257 98
250 103
241 105
230 104
216 101
199 95
181 86
161 75
140 63
118 48
96 32
74 15
52 -3
30 -21
10 -38
-8 -56
-25 -72
-40 -88
-53 -101
-63 -113
-71 -123
-76 -131
-79 -136
-79 -139
-76 -139
-71 -136
-64 -131
-54 -123
-43 -113
-30 -101
-16 -87
0 -71
16 -54
32 -36
49 -17
65 2
80 21
95 40
109 58
121 75
132 90
141 104
148 116
153 127
156 135
157 141
156 145
153 146
148 145
141 143
133 138
124 131
114 123
102 114
90 104
78 92
66 80
53 68
41 56
30 44
20 33
10 22
2 12
-5 4
-11 -3
-16 -9
-19 -13
-21 -16
-21 -18
-20 -18
-18 -16
-16 -13
-12 -9
-7 -4
-3 1
3 7
8 14
13 21
17 27
21 34
25 40
27 45
29 49
30 53
29 55
28 56
25 56
21 54
15 51
9 47
2 41
-6 34
-14 27
-23 18
-32 9
-41 -1
-50 -11
-58 -21
-66 -32
-73 -41
-79 -51
-83 -59
-87 -67
-89 -73
-89 -79
-87 -83
-84 -85
-79 -86
-73 -86
-65 -84
-55 -80
-44 -75
-31 -69
-18 -61
-4 -53
11 -44
27 -33
42 -23
58 -12
73 -1
88 10
102 20
115 30
127 38
138 46
147 53
155 59
161 63
165 65
168 66
169 66
168 64
166 60
162 55
157 48
150 40
143 31
135 21
126 10
117 -1
107 -13
98 -25
88 -38
79 -50
71 -61
63 -72
56 -83
49 -92
44 -101
40 -108
36 -114
34 -118
32 -122
32 -124
32 -124
33 -123
34 -121
36 -118
38 -114
41 -108
42 -102
44 -95
45 -88
46 -81
46 -73
44 -66
42 -58
39 -51
34 -45
28 -39
20 -35
12 -31
2 -28
-9 -26
-21 -25
-34 -26
-48 -27
-63 -30
-78 -34
-93 -39
-108 -44
-123 -51
-138 -58
-152 -65
-165 -73
-178 -82
-189 -90
-199 -98
-207 -106
-214 -114
-220 -121
-223 -127
-225 -132
-225 -137
-224 -140
-221 -142
-216 -144
-210 -144
-202 -143
-194 -140
-184 -137
-174 -132
-163 -127
-151 -120
-140 -113
-128 -105
-117 -97
-105 -88
-95 -79
-85 -70
-76 -61
-68 -52
-61 -44
-56 -36
-51 -28
-48 -22
-46 -16
-45 -11
-46 -7
-48 -4
-50 -1
-54 0
-58 0
-64 -1
-69 -2
-76 -5
-82 -8
-89 -12
-96 -16
-102 -20
-109 -25
-115 -30
-121 -35
-126 -40
-130 -44
-134 -49
-137 -52
-139 -55
-141 -58
-142 -60
-141 -60
-141 -60
-139 -60
-137 -58
-134 -56
-130 -52
-126 -48
-122 -44
-117 -39
-112 -33
-107 -27
-101 -21
-96 -15
-90 -9
-85 -3
-80 2
-74 7
-69 12
-64 15
-59 19
-55 21
-51 22
-46 22
-42 21
-39 19
-35 17
-32 13
-29 8
-26 2
-23 -5
-20 -12
-17 -20
-15 -29
-12 -38
-10 -47
-7 -57
-5 -66
-3 -75
0 -84
2 -93
5 -101
8 -108
10 -114
13 -119
16 -123
18 -126
21 -128
25 -129
28 -128
31 -126
35 -122
39 -117
42 -111
46 -104
50 -95
55 -85
59 -74
64 -62
68 -49
73 -36
77 -22
81 -7
85 8
89 23
92 38
94 54
97 69
98 83
98 98
98 111
96 124
94 136
90 147
84 157
78 166
69 173
60 180
48 184
35 187
21 189
5 189
-13 187
-31 184
-51 179
-72 172
-93 164
-116 154
-138 142
-161 129
-183 115
-204 99
-225 82
-245 63
-263 44
-279 24
-293 4
-305 -17
-314 -38
-321 -59
-324 -79
-324 -100
-321 -119
-314 -137
-304 -154
-290 -170
-273 -184
-253 -196
-230 -206
-204 -214
-175 -219
-145 -222
-112 -223
-78 -220
-44 -215
-8 -207
27 -197
61 -184
95 -169
127 -151
158 -131
186 -110
211 -87
233 -62
252 -37
267 -11
278 15
285 41
288 66
286 91
280 114
270 136
257 156
239 173
218 188
195 201
168 210
139 216
109 219
77 218
44 215
11 207
-21 197
-53 184
-84 168
-113 149
-140 127
-164 104
-186 79
-205 53
-220 26
-232 -2
-240 -29
-244 -56
-245 -82
-243 -107
-237 -130
-228 -152
-216 -170
-202 -187
-185 -200
-167 -210
-147 -217
-125 -220
-104 -221
-81 -218
-59 -211
-38 -202
-17 -190
2 -175
20 -157
36 -137
51 -116
63 -93
73 -69
81 -45
86 -21
89 4
90 27
89 50
86 72
82 91
76 109
69 125
61 138
52 149
42 157
33 162
23 165
14 165
5 163
-4 158
-11 151
-17 142
-23 131
-27 119
-31 105
-33 91
-35 76
-35 60
-35 45
-34 30
-33 15
-31 2
-30 -11
-28 -23
-26 -33
-25 -42
-25 -49
-25 -55
-26 -59
-28 -62
-30 -64
-34 -64
-39 -63
-44 -61
-50 -58
-58 -55
-65 -51
-73 -47
-82 -43
-90 -39
-99 -36
-107 -33
-114 -31
-121 -30
-126 -30
-131 -31
-134 -34
-135 -37
-135 -42
-133 -48
-130 -55
-124 -63
-117 -72
-108 -82
-97 -92
-85 -103
-72 -114
-57 -126
-41 -137
-25 -148
-8 -159
8 -170
25 -179
42 -188
58 -196
72 -202
86 -208
99 -213
110 -216
119 -218
126 -220
132 -220
136 -218
138 -216
138 -213
137 -210
134 -205
129 -200
124 -195
117 -189
110 -183
103 -176
95 -170
87 -163
80 -157
73 -150
68 -144
63 -137
60 -131
58 -124
58 -118
60 -112
63 -105
69 -99
76 -92
85 -85
95 -77
107 -69
120 -61
134 -53
149 -44
164 -34
179 -24
195 -14
210 -3
225 8
238 20
251 31
262 43
271 55
279 66
285 77
289 88
291 98
290 108
288 117
284 125
278 132
271 138
262 143
252 147
240 149
228 151
216 151
203 150
190 149
178 146
165 143
154 140
143 136
134 132
125 128
118 124
112 120
107 117
104 115
101 114
100 114
100 114
100 117
101 120
102 125
103 131
104 138
104 147
104 157
103 168
100 179
97 191
92 204
85 217
76 229
66 242
54 253
40 264
25 274
8 282
-10 289
-29 294
-49 297
-70 298
-91 296
-112 293
-133 287
-152 278
-171 268
-188 255
-204 241
-218 224
-230 206
-239 187
-245 167
-249 145
-250 124
-249 102
-244 80
-237 59
-228 38
-216 18
-202 0
-186 -17
-169 -32
-151 -45
-132 -56
-112 -65
-93 -72
-74 -77
-55 -80
-38 -80
-22 -79
-8 -77
4 -72
14 -67
22 -60
27 -53
29 -45
29 -37
26 -30
21 -22
13 -15
3 -9
-8 -4
-21 -1
-35 2
-51 3
-66 2
-82 0
-98 -3
-113 -8
-127 -14
-140 -21
-151 -30
-160 -39
-167 -48
-172 -58
-174 -68
-174 -78
-171 -87
-165 -95
-157 -102
-146 -108
-133 -113
-118 -115
-102 -116
-83 -115
-64 -112
-44 -107
-23 -100
-2 -91
19 -80
39 -68
59 -54
77 -39
93 -23
108 -6
120 11
131 28
139 44
145 60
148 75
149 89
148 101
144 111
138 119
131 124
121 127
111 128
99 125
86 120
73 113
59 103
45 90
32 75
20 58
8 40
-2 19
-11 -2
-19 -24
-25 -47
-29 -69
-31 -92
-31 -114
-30 -134
-26 -154
-21 -172
-14 -188
-6 -202
4 -214
15 -223
27 -230
40 -234
53 -235
66 -234
80 -230
94 -223
107 -215
120 -204
132 -191
143 -177
154 -161
163 -144
172 -126
179 -108
185 -90
189 -72
193 -53
195 -36
196 -19
196 -3
195 11
192 25
189 37
185 47
181 56
175 64
169 71
162 75
155 79
147 82
139 84
130 84
121 85
111 85
101 84
91 84
79 84
68 84
56 84
43 85
30 87
17 90
3 94
-12 98
-27 104
-42 110
-57 118
-73 126
-89 135
-105 144
-120 154
-135 164
-150 174
-165 184
-178 194
-191 204
-202 213
-212 221
-221 228
-227 233
-233 238
-236 241
-238 242
-237 242
-235 240
-231 236
-224 231
-216 223
-206 214
-194 203
-181 191
-166 177
-150 162
-134 145
-116 128
-98 110
-80 91
-62 72
-44 52
-26 33
-10 13
6 -6
20 -24
33 -42
44 -58
54 -74
61 -88
67 -101
71 -112
72 -122
72 -130
70 -136
66 -140
60 -143
53 -143
45 -142
36 -140
25 -135
14 -129
3 -122
-9 -113
-20 -102
-31 -91
-42 -79
-52 -65
-61 -52
-69 -37
-76 -22
-81 -7
-85 8
-87 23
-88 37
-88 52
-86 65
-82 78
-77 90
-71 101
-64 111
-56 120
-47 127
-37 133
-27 138
-17 141
-6 142
4 143
14 141
24 139
33 134
41 129
48 122
55 114
60 105
64 95
67 84
69 73
70 61
70 49
69 36
66 24
63 12
59 0
54 -12
49 -23
43 -33
37 -43
30 -51
24 -59
17 -65
10 -70
4 -74
-2 -76
-8 -77
-14 -77
-19 -76
-24 -73
-28 -69
-31 -64
-34 -59
-37 -52
-39 -45
-40 -37
-41 -28
-41 -19
-41 -10
-40 -1
-39 7
-37 16
-35 24
-33 32
-30 39
-27 46
-24 51
-20 56
-16 60
-12 63
-8 65
-4 66
1 66
5 65
10 64
15 62
20 58
25 55
30 51
35 46
41 41
46 36
51 30
56 25
60 19
65 14
69 9
73 4
76 -1
79 -5
82 -8
84 -11
85 -14
86 -15
86 -17
86 -17
85 -18
83 -17
81 -16
78 -15
75 -13
71 -10
67 -7
62 -4
57 -1
51 3
46 7
39 11
33 16
27 20
21 25
15 30
9 34
3 39
-3 44
-9 48
-14 53
-20 57
-24 61
-29 65
-34 69
-38 72
-42 75
-46 78
-50 80
-55 82
-59 83
-63 83
-68 83
-73 83
-78 81
-84 79
-90 76
-97 73
-104 68
-111 63
-119 57
-128 50
-136 42
-146 33
-155 24
-165 14
-175 4
-185 -8
-195 -19
-204 -31
-214 -43
-223 -55
-231 -67
-238 -79
-245 -90
-251 -101
-255 -111
-258 -121
-260 -129
-260 -137
-259 -143
-256 -148
-251 -152
-245 -155
-237 -156
-228 -156
-217 -155
-204 -152
-190 -148
-175 -142
-158 -136
-140 -128
-122 -120
-102 -110
-82 -101
-61 -90
-40 -80
-19 -69
2 -59
22 -48
42 -38
62 -29
80 -21
97 -13
114 -6
129 -1
142 3
154 6
164 8
173 8
179 7
184 4
187 1
188 -4
187 -10
184 -17
180 -25
174 -33
166 -42
156 -51
145 -60
133 -70
119 -79
105 -89
89 -97
73 -105
57 -113
40 -120
23 -126
6 -130
-10 -134
-26 -137
-41 -138
-55 -139
-68 -138
-80 -137
-90 -134
-98 -130
-105 -126
-109 -120
-112 -114
-112 -107
-110 -100
-105 -92
-99 -83
-90 -75
-79 -66
-66 -57
-51 -48
-33 -39
-14 -30
6 -22
28 -13
51 -5
74 3
99 11
123 18
148 25
171 31
195 38
217 43
238 48
257 53
274 57
289 61
302 63
312 66
320 67
324 68
326 68
324 67
320 65
313 63
303 59
290 54
275 48
257 42
238 34
217 25
194 15
171 4
146 -8
121 -20
97 -34
73 -47
49 -62
27 -77
6 -92
-14 -107
-31 -122
-46 -137
-59 -152
-70 -165
-78 -178
-83 -189
-86 -200
-87 -209
-85 -216
-81 -222
-75 -227
-67 -229
-58 -230
-48 -229
-37 -226
-25 -221
-14 -215
-2 -208
8 -199
18 -189
27 -179
34 -168
40 -156
44 -144
46 -133
46 -122
43 -111
39 -102
32 -94
24 -87
14 -82
2 -79
-11 -78
-25 -79
-40 -82
-55 -86
-71 -93
-86 -102
-101 -112
-114 -124
-127 -138
-137 -152
-146 -167
-153 -183
-158 -198
-160 -213
-159 -228
-157 -242
-151 -254
-143 -264
-133 -272
-120 -278
-106 -282
-90 -282
-72 -280
-54 -274
-34 -265
-15 -254
5 -239
24 -221
43 -200
60 -177
76 -151
90 -124
102 -95
112 -65
120 -34
125 -3
128 28
128 58
126 88
122 115
115 141
107 165
97 186
86 204
74 219
61 231
48 240
35 245
22 247
11 245
1 241
-8 234
-14 224
-19 213
-22 199
-22 184
-19 168
-15 151
-8 135
2 119
13 104
26 90
41 78
57 68
74 60
91 55
108 52
124 53
140 56
154 63
166 72
177 84
184 99
189 116
190 134
188 155
183 176
174 198
161 220
145 242
125 263
102 283
76 300
48 316
17 329
-15 339
-49 345
-83 348
-117 347
-151 343
-184 334
-215 322
-244 305
-271 286
-295 263
-315 237
-331 208
-344 177
-352 144
-355 111
-355 76
-349 42
-340 8
-326 -26
-308 -57
-286 -86
-261 -113
-234 -138
-204 -158
-172 -175
-138 -189
-104 -198
-70 -203
-36 -203
-3 -200
29 -192
59 -181
87 -166
113 -147
135 -126
154 -102
170 -76
182 -48
191 -19
197 11
198 41
197 71
192 100
184 128
174 155
161 179
147 201
130 221
113 238
95 253
76 264
58 272
39 277
22 280
5 279
-11 276
-25 271
-37 263
-48 254
-56 242
-63 230
-69 216
-72 202
-73 187
-73 172
-72 157
-69 143
-65 129
-60 116
-55 103
-49 92
-43 82
-36 73
-30 65
-24 58
-19 52
-13 47
-9 43
-5 40
-1 37
2 34
4 32
6 30
8 28
10 25
12 23
13 20
15 16
17 12
20 8
23 3
27 -3
32 -8
38 -15
44 -21
52 -28
60 -34
69 -41
79 -47
89 -53
100 -58
111 -62
122 -66
133 -68
143 -70
152 -70
161 -69
169 -67
175 -64
180 -59
183 -54
184 -47
183 -40
180 -32
174 -23
167 -14
158 -5
146 4
133 13
118 21
101 29
83 35
64 41
45 46
25 49
4 51
-15 52
-35 51
-53 48
-70 44
-85 38
-99 31
-111 23
-120 14
-127 4
-131 -6
-133 -17
-132 -29
-129 -40
-123 -51
-114 -62
-104 -72
-91 -81
-76 -89
-60 -96
-43 -101
-25 -105
-6 -108
14 -109
33 -109
52 -107
70 -104
87 -99
103 -94
118 -88
131 -81
142 -73
152 -66
159 -58
164 -51
168 -44
170 -38
169 -33
167 -29
164 -26
159 -25
153 -25
147 -27
139 -30
131 -36
123 -42
115 -51
107 -60
99 -71
92 -83
86 -96
81 -109
76 -122
73 -136
70 -149
68 -161
68 -172
68 -182
68 -191
70 -198
71 -203
73 -206
75 -206
77 -205
78 -201
79 -195
78 -186
78 -175
76 -162
72 -148
68 -131
62 -114
55 -95
46 -76
36 -56
25 -36
13 -17
-1 2
-15 20
-30 37
-46 52
-62 65
-78 76
-94 84
-109 90
-124 94
-138 95
-151 93
-163 88
-173 81
-182 72
-190 60
-195 46
-199 31
-201 14
-201 -4
-200 -23
-197 -42
-193 -62
-187 -81
-180 -99
-172 -116
-164 -132
-155 -146
-145 -159
-135 -169
-125 -177
-116 -183
-107 -186
-98 -186
-90 -184
-83 -180
-76 -173
-71 -164
-66 -153
-63 -139
-60 -125
-58 -109
-57 -92
-56 -74
-56 -55
-56 -37
-57 -19
-58 -1
-58 16
-58 32
-58 46
-58 59
-57 70
-55 80
-52 88
-48 93
-44 97
-38 98
-32 98
-26 95
-18 91
-10 85
-1 78
7 69
16 59
25 49
33 38
40 26
47 14
53 2
58 -9
62 -20
64 -31
64 -41
63 -50
60 -58
56 -65
49 -71
41 -76
32 -80
21 -82
9 -84
-5 -85
-19 -85
-34 -84
-50 -82
-65 -80
-81 -78
-96 -75
-110 -72
-123 -69
-135 -67
-145 -64
-154 -61
-160 -59
-165 -57
-167 -56
-166 -55
-164 -54
-158 -54
-151 -53
-141 -54
-129 -54
-115 -55
-99 -56
-81 -57
-62 -57
-42 -58
-21 -58
0 -58
21 -58
41 -58
62 -57
81 -55
99 -53
115 -51
130 -49
143 -45
153 -42
161 -39
166 -35
169 -32
170 -28
167 -25
163 -22
155 -20
146 -18
134 -16
121 -16
106 -16
90 -17
73 -19
55 -22
36 -26
18 -30
0 -36
-17 -43
-34 -50
-49 -59
-63 -67
-75 -77
-85 -86
-93 -96
-99 -105
-102 -114
-103 -123
-102 -131
-98 -138
-92 -144
-84 -149
-73 -153
-61 -155
-47 -155
-32 -154
-15 -151
3 -146
21 -140
40 -131
59 -121
78 -109
96 -96
114 -81
131 -65
147 -48
161 -30
173 -11
184 8
193 27
200 46
205 65
207 83
208 100
207 116
203 130
198 143
191 155
182 164
171 172
160 177
147 180
133 181
119 179
104 176
89 170
74 162
59 152
44 141
30 127
17 113
4 97
-8 80
-18 62
-27 44
-35 26
-42 8
-47 -10
-51 -28
-54 -44
-56 -60
-56 -75
-55 -88
-54 -100
-51 -110
-48 -119
-44 -126
-40 -131
-35 -134
-30 -135
-25 -134
-20 -132
-15 -128
-11 -123
-7 -116
-4 -107
-1 -98
1 -87
3 -76
4 -64
4 -51
4 -38
3 -25
1 -13
-1 0
-4 12
-7 24
-10 36
-13 46
-16 56
-19 65
-22 72
-25 79
-27 85
-29 89
-31 93
-31 95
-31 96
-31 97
-29 96
-27 95
-25 93
-21 90
-17 86
-13 82
-8 77
-3 72
3 66
8 60
14 54
19 48
24 41
29 35
33 28
36 22
39 15
41 9
42 2
41 -4
40 -10
38 -17
35 -23
31 -29
26 -36
20 -42
14 -48
6 -55
-1 -61
-9 -68
-17 -75
-25 -83
-33 -90
-41 -97
-48 -105
-54 -113
-59 -121
-64 -130
-67 -138
-69 -146
-69 -155
-68 -164
-65 -172
-61 -180
-56 -188
-49 -196
-41 -204
-31 -211
-21 -217
-10 -223
3 -229
15 -233
28 -237
40 -240
52 -241
64 -242
75 -242
85 -240
93 -237
100 -233
105 -228
108 -221
109 -213
108 -204
104 -193
98 -182
89 -169
78 -155
65 -141
50 -125
32 -109
13 -92
-8 -75
-30 -57
-53 -39
-77 -21
-102 -3
-126 14
-151 31
-175 47
-197 63
-219 77
-239 91
-258 103
-274 114
-288 123
-299 131
-308 137
-314 141
-317 144
-317 145
-315 144
-309 141
-301 137
-291 131
-278 124
-263 115
-247 105
-228 94
-209 82
-188 69
-167 55
-146 41
-124 27
-103 13
-82 -1
-63 -14
-44 -27
-27 -39
-11 -49
2 -59
14 -67
24 -74
32 -80
38 -83
42 -85
43 -86
43 -84
41 -81
38 -77
33 -71
26 -63
19 -54
10 -44
1 -33
-8 -21
-18 -9
-27 4
-37 17
-45 29
-54 42
-61 54
-68 65
-73 76
-77 85
-80 93
-82 99
-83 105
-82 108
-80 110
-77 110
-73 108
-68 104
-62 99
-56 93
-49 84
-41 75
-33 64
-25 52
-18 39
-10 25
-2 11
5 -4
11 -18
17 -33
22 -48
27 -61
30 -75
33 -87
35 -99
37 -109
37 -119
37 -127
36 -134
35 -140
33 -144
30 -148
28 -150
25 -150
22 -150
18 -149
15 -147
12 -145
10 -142
7 -138
5 -134
4 -131
3 -127
3 -123
3 -120
3 -117
4 -114
6 -112
8 -111
11 -110
14 -109
17 -109
21 -110
25 -111
29 -112
33 -114
37 -115
40 -117
44 -118
47 -120
50 -120
52 -120
53 -119
54 -117
54 -114
53 -111
52 -105
49 -99
45 -91
41 -83
35 -73
29 -62
21 -49
13 -36
3 -22
-7 -7
-18 8
-30 24
-42 39
-54 55
-67 70
-81 84
-94 97
-107 109
-120 120
-132 129
-144 136
-155 142
-166 145
-175 146
-183 145
-190 141
-196 135
-200 127
-203 116
-204 104
-203 89
-201 73
-197 55
-192 36
-185 16
-177 -5
-168 -27
-158 -49
-146 -70
-134 -91
-121 -112
-107 -131
-94 -149
-80 -165
-67 -180
-54 -193
-42 -204
-31 -212
-21 -218
-13 -221
-6 -223
-1 -221
2 -218
3 -212
3 -205
0 -195
-5 -184
-12 -171
-21 -157
-31 -143
-44 -127
-57 -112
-73 -96
-89 -80
-106 -65
-123 -50
-141 -37
-159 -24
-176 -13
-193 -3
-209 5
-224 12
-237 17
-248 21
-257 23
-265 23
-270 22
-272 19
-272 16
-270 11
-265 5
-258 -1
-249 -8
-237 -15
-223 -22
-208 -30
-191 -36
-174 -43
-155 -49
-135 -54
-115 -58
-96 -62
-76 -64
-58 -66
-40 -66
-23 -65
-8 -64
5 -62
17 -59
27 -55
35 -51
41 -47
45 -42
46 -37
46 -33
45 -29
41 -25
37 -22
31 -20
24 -18
17 -18
9 -18
1 -20
-6 -22
-13 -26
-19 -30
-25 -36
-29 -42
-31 -49
-32 -57
-32 -65
-30 -74
-26 -83
-20 -91
-13 -100
-5 -108
5 -116
16 -123
28 -129
41 -134
54 -138
67 -141
79 -143
91 -143
103 -142
113 -139
122 -136
130 -131
135 -125
139 -117
141 -109
140 -100
138 -91
133 -80
126 -70
118 -60
108 -49
96 -39
82 -30
68 -21
53 -13
38 -5
22 1
7 6
-8 10
-21 13
-34 15
-45 16
-54 16
-61 14
-66 12
-68 9
-69 5
-66 1
-62 -4
-55 -8
-46 -13
-35 -18
-23 -22
-8 -25
7 -28
23 -30
39 -31
55 -31
71 -30
86 -27
100 -23
112 -18
123 -12
131 -4
137 5
140 15
140 26
137 38
131 50
122 63
111 76
96 89
79 102
59 115
38 127
14 138
-11 148
-37 158
-63 166
-90 172
-116 177
-142 181
-166 183
-189 183
-210 181
-228 178
-244 172
-257 166
-268 157
-275 148
-278 137
-279 125
-277 111
-271 97
-262 83
-251 68
-237 53
-221 38
-204 22
-185 8
-165 -7
-144 -20
-122 -33
-101 -45
-80 -56
-60 -66
-41 -75
-24 -83
-8 -89
6 -95
19 -99
29 -102
37 -104
43 -104
47 -104
49 -103
50 -101
49 -99
47 -96
43 -92
39 -88
34 -83
30 -78
25 -73
20 -68
17 -63
14 -58
12 -52
11 -47
12 -42
14 -36
18 -31
24 -26
31 -20
39 -15
49 -9
61 -3
73 3
86 9
100 16
114 22
129 29
142 37
156 45
168 53
180 61
190 70
198 78
205 87
209 96
212 106
212 114
210 123
206 132
199 140
191 147
180 154
168 160
153 166
138 170
121 173
103 175
85 176
66 175
47 173
29 170
11 165
-6 158
-23 151
-38 141
-52 131
-64 119
-75 106
-83 92
-90 76
-95 60
-99 44
-100 27
-101 9
-99 -9
-96 -27
-92 -44
-87 -61
-81 -78
-74 -93
-67 -108
-60 -122
-52 -134
-44 -145
-37 -154
-30 -162
-23 -167
-17 -171
-12 -173
-7 -173
-3 -172
0 -168
3 -162
5 -154
7 -145
8 -134
9 -121
9 -107
10 -91
10 -75
10 -57
10 -39
11 -20
11 0
12 20
13 39
14 59
16 78
17 96
19 114
21 131
23 146
25 160
27 173
28 184
29 194
29 202
29 208
28 212
26 214
23 214
19 213
15 209
9 204
2 197
-6 188
-15 178
-25 167
-35 154
-46 141
-58 126
-69 111
-81 95
-93 80
-105 64
-116 48
-126 32
-136 17
-144 3
-152 -10
-158 -22
-163 -33
-166 -43
-168 -51
-168 -58
-166 -63
-164 -66
-159 -67
-154 -66
-147 -64
-139 -60
-131 -54
-121 -46
-112 -37
-102 -26
-93 -14
-83 -1
-75 13
-67 28
-60 44
-55 61
-51 77
-48 94
-47 110
-47 127
-50 143
-53 158
-59 172
-66 185
-75 197
-84 208
-95 217
-106 225
-118 231
-131 236
-143 239
-155 240
-167 240
-177 238
-187 234
-195 229
-202 222
-207 214
-209 205
-210 195
-209 184
-205 172
-199 160
-191 147
-180 134
-168 121
-154 108
-138 95
-121 83
-102 71
-83 60
-63 50
-43 41
-23 33
-3 26
16 20
35 15
52 11
67 8
81 7
92 7
102 7
109 9
114 11
117 14
117 18
116 22
111 27
105 32
97 37
86 41
75 46
62 51
48 55
33 59
17 62
2 65
-14 67
-29 68
-43 68
-57 68
-69 67
-80 65
-90 62
-98 58
-104 54
-109 50
-111 45
-112 39
-111 33
-108 28
-103 22
-97 16
-89 10
-79 4
-69 -1
-58 -5
-46 -9
-33 -13
-20 -15
-6 -17
7 -19
20 -19
32 -19
44 -17
55 -15
66 -13
75 -9
83 -5
90 -1
96 4
101 9
104 14
106 20
107 25
106 30
104 35
102 39
98 43
93 46
87 48
81 50
74 50
66 50
58 49
50 46
42 43
33 40
25 35
17 29
9 23
1 16
-6 9
-13 2
-19 -5
-24 -13
-29 -20
-32 -27
-35 -33
-37 -39
-38 -44
-39 -48
-38 -50
-36 -52
-33 -52
-30 -51
-25 -49
-19 -45
-13 -39
-6 -33
2 -25
11 -16
20 -5
29 6
39 18
49 31
59 44
69 58
80 71
89 84
98 97
107 109
115 120
122 131
128 139
133 147
137 152
140 156
141 158
141 158
139 156
136 152
132 146
126 138
120 128
111 116
102 102
92 87
81 71
69 54
57 35
44 17
31 -3
18 -22
5 -41
-8 -59
-20 -77
-32 -94
-42 -109
-52 -123
-61 -136
-69 -146
-75 -155
-81 -162
-85 -167
-88 -170
-90 -170
-90 -169
-90 -166
-89 -161
-87 -155
-84 -147
-81 -137
-77 -127
-74 -116
-70 -105
-67 -93
-63 -81
-61 -69
-58 -58
-57 -48
-56 -38
-57 -30
-58 -23
-60 -17
-63 -12
-67 -10
-72 -8
-77 -9
-83 -11
-90 -14
-97 -19
-104 -26
-111 -33
-118 -41
-124 -50
-130 -60
-135 -70
-139 -80
-141 -90
-143 -99
-143 -108
-142 -117
-139 -124
-134 -130
-128 -134
-120 -138
-111 -139
-101 -139
-89 -138
-77 -135
-63 -131
-49 -125
-35 -117
-20 -109
-5 -100
9 -89
23 -78
35 -67
47 -56
57 -44
66 -33
73 -22
79 -12
82 -4
84 4
84 11
82 16
78 19
72 21
65 21
56 19
46 16
35 11
23 4
12 -4
-1 -13
-12 -23
-24 -34
-35 -46
-44 -58
-53 -71
-59 -83
-65 -95
-68 -107
-69 -117
-69 -127
-66 -136
-61 -143
-55 -149
-46 -153
-35 -156
-23 -156
-10 -155
4 -152
19 -148
35 -142
51 -134
66 -125
82 -114
96 -103
109 -90
121 -77
131 -64
139 -50
144 -37
148 -24
149 -11
147 1
143 11
136 21
127 30
115 37
101 42
85 46
67 48
47 49
25 48
3 45
-20 41
-43 36
-67 29
-90 21
-112 13
-134 3
-154 -7
-173 -18
-190 -29
-205 -40
-218 -50
-229 -61
-238 -71
-244 -80
-248 -89
-249 -97
-248 -104
-246 -110
-240 -114
-234 -118
-225 -121
-215 -123
-204 -124
-192 -124
-178 -123
-164 -122
-150 -120
-136 -117
-121 -114
-107 -111
-93 -107
-79 -104
-65 -100
-52 -97
-40 -94
-29 -91
-18 -88
-7 -86
3 -84
13 -82
22 -80
31 -79
39 -78
48 -77
56 -77
64 -76
73 -75
81 -74
90 -72
99 -70
107 -68
117 -65
126 -62
135 -58
143 -53
152 -48
160 -41
168 -35
175 -27
181 -19
187 -11
191 -2
193 8
195 17
195 27
193 36
189 45
184 54
177 62
168 69
157 76
145 82
131 87
116 90
100 93
82 94
64 93
45 92
26 89
8 84
-11 79
-29 72
-45 64
-61 55
-75 45
-87 34
-98 23
-106 11
-111 -1
-115 -13
-115 -25
-113 -37
-109 -49
-102 -60
-93 -70
-81 -80
-67 -89
-52 -97
-34 -104
-15 -109
4 -114
25 -118
46 -121
67 -122
87 -123
108 -123
127 -122
145 -120
161 -118
176 -115
188 -112
199 -109
207 -105
213 -102
216 -99
216 -95
215 -92
210 -90
204 -87
195 -85
184 -83
172 -82
158 -80
143 -79
127 -78
110 -77
92 -77
75 -75
57 -74
40 -72
24 -70
8 -67
-6 -64
-20 -59
-32 -54
-43 -48
-52 -41
-60 -32
-67 -23
-72 -13
-75 -1
-78 11
-79 24
-80 38
-80 52
-79 67
-78 82
-77 98
-75 113
-74 128
-74 143
-74 157
-74 170
-75 183
-77 194
-81 203
-85 212
-90 218
-96 223
-103 226
-110 228
-119 227
-128 225
-137 221
-147 215
-156 208
-166 199
-175 189
-184 177
-192 165
-199 153
-205 139
-210 126
-214 112
-216 99
-216 86
-215 74
-212 63
-208 53
-202 44
-194 36
-185 30
-175 26
-163 23
-151 22
-137 23
-123 25
-109 29
-94 34
-80 41
-65 49
-52 57
-39 67
-26 77
-15 87
-6 97
3 107
10 117
15 126
19 134
22 142
22 148
21 152
19 155
15 157
11 156
5 154
-2 150
-9 144
-17 137
-26 127
-34 116
-42 104
-49 91
-56 76
-62 61
-67 45
-71 28
-74 11
-75 -5
-74 -22
-72 -38
-68 -53
-63 -67
-56 -80
-48 -92
-38 -103
-27 -112
-15 -119
-1 -124
13 -128
27 -130
42 -131
57 -130
71 -127
85 -123
98 -118
111 -111
122 -103
131 -95
139 -86
145 -76
149 -66
151 -56
151 -46
148 -36
144 -27
136 -19
127 -10
115 -3
101 3
85 9
67 13
48 17
27 20
5 21
-17 22
-41 22
-64 22
-88 21
-111 19
-134 17
-156 14
-177 12
-196 10
-214 8
-230 6
-243 4
-255 3
-264 3
-271 3
-275 4
-276 5
-275 7
-271 10
-265 13
-256 18
-245 22
-232 27
-217 33
-200 38
-182 44
-163 49
-142 54
-121 59
-100 63
-78 67
-57 70
-36 71
-15 72
5 72
23 70
40 67
56 63
70 57
83 51
93 43
102 33
109 23
114 12
118 0
119 -13
119 -27
117 -41
114 -55
110 -68
105 -82
98 -95
92 -108
84 -119
77 -130
69 -139
62 -147
54 -154
48 -158
41 -161
36 -163
31 -162
28 -159
25 -154
23 -148
23 -139
23 -129
25 -117
27 -104
30 -90
34 -74
39 -57
44 -40
49 -21
54 -3
60 16
65 34
70 52
74 70
78 87
81 103
83 118
84 132
84 145
83 156
81 165
77 173
72 179
66 184
59 187
51 188
42 187
33 185
22 182
12 177
0 172
-11 165
-22 157
-33 149
-44 140
-54 131
-63 121
-71 112
-79 102
-85 93
-89 84
-93 76
-94 69
-95 62
-94 56
-91 51
-87 47
-82 44
-75 41
-67 40
-59 40
-49 40
-39 42
-28 44
-17 47
-6 51
5 54
16 59
26 63
35 68
44 73
52 77
58 82
63 86
67 89
70 93
71 95
70 97
68 98
65 98
60 98
54 96
47 94
39 91
30 88
20 83
10 78
-1 72
-12 66
-22 59
-33 52
-42 44
-52 37
-60 29
-68 21
-74 14
-79 6
-83 0
-85 -7
-85 -13
-84 -18
-82 -23
-77 -26
-72 -29
-64 -32
-56 -33
-46 -33
-34 -33
-22 -32
-9 -30
5 -27
20 -24
35 -20
50 -16
66 -11
81 -6
96 -1
110 4
124 8
137 13
150 17
161 21
171 24
180 27
188 29
195 29
200 29
205 28
208 25
210 22
211 17
210 12
209 5
208 -3
205 -12
202 -21
198 -32
194 -43
190 -55
185 -67
181 -79
176 -91
172 -103
168 -115
164 -127
160 -137
157 -147
155 -156
153 -164
151 -171
150 -176
149 -179
149 -181
149 -182
149 -180
149 -177
149 -172
150 -166
150 -158
150 -148
149 -137
149 -125
147 -111
145 -97
143 -82
140 -66
135 -50
130 -34
125 -18
118 -2
110 13
102 27
92 41
82 53
71 64
60 73
48 81
35 87
22 91
9 94
-5 94
-18 93
-32 90
-45 85
-58 79
-70 71
-82 62
-93 52
-103 40
-112 28
-121 16
-128 3
-135 -10
-140 -22
-144 -35
-147 -46
-149 -57
-150 -67
-150 -75
-149 -82
-148 -87
-145 -91
-142 -94
-138 -94
-134 -93
-130 -90
-125 -86
-120 -80
-115 -73
-111 -65
-106 -55
-102 -45
-98 -34
-94 -23
-91 -11
-89 0
-87 12
-86 22
-85 32
-84 41
-84 48
-84 55
-85 59
-86 62
-87 64
-88 63
-88 61
-89 57
-89 51
-89 43
-89 34
-88 23
-86 11
-84 -2
-81 -16
-77 -30
-72 -45
-66 -61
-60 -76
-53 -90
-44 -104
-36 -118
-26 -130
-16 -140
-6 -149
5 -156
16 -162
27 -165
38 -166
49 -165
59 -162
69 -156
79 -149
88 -139
96 -127
103 -114
109 -99
114 -82
118 -64
121 -46
123 -26
123 -6
123 14
121 35
119 55
115 74
111 93
106 111
101 128
95 143
88 157
82 169
75 180
68 188
62 195
56 200
50 204
44 205
39 205
35 204
32 201
29 196
26 191
25 184
24 177
23 169
24 161
25 152
26 143
28 135
29 126
32 118
34 110
36 104
38 97
40 92
41 87
43 83
44 80
44 78
44 76
43 75
42 75
41 76
38 76
36 78
33 79
29 80
26 82
22 83
18 84
14 84
10 84
6 83
2 82
-1 80
-3 77
-6 73
-7 68
-8 63
-9 56
-9 49
-8 41
-6 32
-4 22
-2 12
1 2
5 -9
9 -20
13 -31
18 -43
22 -53
27 -64
31 -74
35 -84
39 -93
42 -101
45 -108
47 -114
49 -119
49 -122
50 -125
49 -126
48 -126
46 -125
43 -123
40 -119
36 -114
31 -108
26 -102
21 -94
16 -85
10 -76
5 -66
-1 -55
-6 -44
-11 -33
-16 -22
-20 -11
-24 0
-27 10
-30 20
-32 30
-34 39
-35 47
-35 54
-36 60
-35 65
-35 69
-34 72
-33 74
-31 74
-30 74
-29 72
-29 69
-29 65
-29 60
-30 54
-31 47
-33 40
-36 31
-39 23
-43 13
-48 4
-54 -6
-60 -16
-67 -26
-74 -36
-82 -45
-89 -54
-97 -63
-105 -70
-113 -78
-120 -84
-127 -89
-134 -94
-139 -97
-144 -100
-148 -102
-150 -102
-152 -102
-152 -101
-151 -98
-149 -95
-145 -92
-141 -87
-135 -82
-127 -77
-119 -71
-110 -65
-101 -59
-90 -53
-80 -47
-69 -41
-57 -35
-46 -30
-36 -26
-25 -22
-15 -19
-7 -16
1 -14
8 -13
14 -13
19 -14
22 -15
24 -18
24 -20
23 -24
21 -28
17 -32
12 -37
6 -42
-1 -48
-8 -53
-17 -58
-26 -64
-35 -68
-45 -73
-55 -77
-64 -80
-74 -83
-82 -86
-91 -87
-98 -88
-105 -88
-110 -88
-115 -86
-118 -84
-120 -82
-121 -79
-121 -76
-120 -72
-118 -68
-114 -63
-110 -59
-104 -54
-98 -50
-92 -46
-84 -42
-77 -39
-69 -36
-61 -34
-53 -32
-46 -32
-38 -31
-31 -32
-25 -33
-19 -35
-14 -38
-10 -41
-7 -45
-5 -50
-3 -55
-3 -60
-4 -65
-5 -70
-8 -76
-12 -81
-16 -86
-21 -90
-27 -94
-34 -97
-41 -100
-48 -102
-56 -103
-64 -103
-73 -102
-81 -100
-90 -98
-98 -94
-106 -89
-114 -84
-121 -77
-128 -70
-134 -62
-140 -54
-145 -45
-149 -35
-153 -26
-155 -16
-157 -6
-157 4
-157 13
-155 23
-153 32
-149 40
-145 48
-139 55
-133 62
-125 68
-117 74
-107 78
-97 82
-86 86
-74 88
-62 91
-49 92
-36 93
-22 94
-8 94
6 94
20 93
34 92
48 91
61 90
74 89
86 88
97 87
107 86
117 85
125 84
133 83
139 82
144 81
148 79
150 78
151 77
151 76
149 74
146 73
142 71
138 68
132 66
125 63
118 59
109 56
101 51
91 47
82 42
72 36
63 31
53 25
43 18
34 12
25 5
16 -2
8 -9
0 -15
-8 -22
-15 -29
-22 -35
-29 -41
-36 -47
-42 -52
-49 -57
-55 -61
-62 -65
-69 -68
-77 -71
-85 -73
-93 -75
-103 -76
-113 -77
-124 -77
-136 -78
-148 -77
-162 -77
-176 -76
-191 -75
-207 -74
-224 -74
-240 -73
-257 -72
-274 -71
-291 -71
-307 -71
-323 -70
-338 -70
-352 -71
-364 -71
-375 -71
-384 -72
-390 -73
-395 -73
-397 -74
-396 -74
-393 -75
-387 -75
-378 -74
-366 -74
-352 -72
-335 -71
-315 -68
-294 -65
-270 -62
-244 -58
-217 -53
-189 -47
-160 -41
-130 -34
-101 -27
-72 -19
-44 -11
-16 -3
9 6
33 15
55 24
74 32
90 41
104 49
114 57
121 64
125 71
125 77
122 82
116 86
106 89
94 91
79 92
62 92
43 91
22 89
0 86
-22 82
-46 77
-69 71
-92 65
-115 57
-136 50
-155 41
-173 33
-188 24
-201 15
-211 5
-219 -4
-223 -13
-225 -22
-223 -30
-218 -38
-211 -46
-201 -53
-188 -60
-172 -66
-155 -71
-136 -76
-115 -81
-93 -85
-71 -88
-47 -90
-24 -92
-2 -94
20 -95
41 -95
61 -95
79 -95
95 -94
109 -92
121 -91
130 -89
137 -86
141 -84
143 -81
142 -77
139 -73
134 -69
126 -65
116 -60
105 -55
92 -49
77 -44
62 -38
46 -31
29 -25
12 -18
-6 -11
-23 -4
-39 4
-55 11
-70 18
-85 25
-98 32
-110 39
-120 45
-129 51
-137 56
-144 61
-149 65
-153 68
-155 71
-157 72
-157 73
-157 73
-155 72
-153 70
-151 67
-148 63
-144 59
-141 54
-137 48
-133 42
-130 35
-126 28
-122 21
-119 15
-116 8
-113 1
-110 -4
-107 -10
-105 -14
-102 -18
-100 -21
-98 -22
-95 -23
-93 -22
-91 -20
-88 -17
-85 -12
-82 -6
-79 1
-75 9
-72 18
-68 27
-64 38
-59 49
-54 60
-50 72
-45 84
-40 95
-35 106
-30 116
-25 126
-21 135
-16 143
-12 149
-9 154
-6 158
-3 160
0 161
2 160
3 158
5 154
5 149
6 142
6 134
6 125
5 116
4 105
4 93
3 82
2 70
2 58
1 46
1 34
1 23
2 13
3 4
4 -5
5 -12
8 -19
10 -24
13 -27
17 -30
20 -31
24 -31
29 -30
33 -28
38 -25
43 -21
47 -16
52 -11
56 -5
60 1
64 7
67 12
70 18
72 23
74 28
75 32
75 35
75 38
74 39
73 40
71 39
69 38
66 36
63 32
59 28
55 23
51 18
47 12
43 5
40 -2
36 -10
32 -17
29 -25
26 -32
23 -39
21 -46
20 -52
18 -57
17 -62
17 -66
17 -70
18 -73
18 -75
19 -76
20 -76
22 -75
23 -74
24 -72
25 -70
26 -67
27 -63
27 -60
27 -56
26 -51
25 -47
24 -43
21 -38
19 -34
15 -30
11 -26
7 -22
2 -19
-3 -15
-8 -12
-14 -9
-19 -7
-25 -4
-30 -2
-36 0
-40 2
-45 4
-48 7
-51 9
-53 11
-55 13
-55 16
-55 19
-53 22
-51 25
-47 29
-43 32
-37 36
-31 41
-24 45
-17 49
-9 54
0 59
8 64
17 68
26 73
35 77
43 82
50 86
57 90
63 93
68 97
72 100
75 102
76 105
76 107
74 108
72 110
67 111
62 112
55 114
47 114
37 115
27 116
16 117
4 119
-8 120
-21 122
-33 124
-46 126
-58 128
-70 131
-81 134
-91 137
-100 141
-108 145
-114 149
-119 153
-122 157
-123 161
-123 165
-121 168
-117 172
-111 175
-104 177
-95 179
-85 180
-73 181
-60 181
-46 180
-31 178
-16 176
0 172
15 168
31 163
46 158
61 152
75 145
88 137
100 129
111 121
120 113
128 104
134 96
139 87
142 79
143 71
143 64
141 57
137 51
133 45
127 40
120 36
112 32
103 29
94 28
85 26
75 26
66 25
57 26
48 27
40 28
33 30
26 32
21 34
17 36
14 38
12 40
11 41
12 42
13 43
16 43
19 43
24 43
29 42
34 41
39 39
45 37
51 34
56 31
61 28
65 25
68 22
70 19
71 16
71 13
69 11
67 8
62 6
57 5
50 4
42 3
32 3
22 4
11 4
-1 5
-13 7
-25 8
-37 10
-49 12
-60 14
-71 15
-80 16
-89 17
-95 18
-100 18
-103 17
-105 15
-104 13
-101 9
-95 5
-88 0
-78 -6
-67 -12
-54 -20
-39 -28
-23 -37
-5 -47
13 -56
32 -66
51 -76
70 -86
89 -96
107 -105
123 -113
139 -121
153 -128
164 -133
174 -137
181 -140
185 -141
187 -141
186 -139
182 -135
176 -130
167 -123
155 -114
141 -104
124 -92
106 -79
87 -65
66 -50
44 -34
22 -17
-1 1
-23 18
-44 36
-65 54
-83 72
-101 89
-116 105
-128 121
-138 136
-146 150
-150 163
-151 175
-150 185
-145 195
-138 203
-128 210
-115 217
-100 222
-83 226
-65 229
-45 232
-24 233
-3 235
18 235
39 235
60 235
79 235
96 235
112 234
126 233
137 232
145 231
151 230
154 229
154 228
151 226
145 224
137 222
126 219
113 215
98 210
81 205
63 199
43 192
24 183
4 174
-15 163
-34 152
-51 139
-67 124
-81 109
-93 93
-102 76
-109 58
-112 40
-113 21
-111 2
-105 -16
-97 -35
-85 -53
-71 -70
-55 -86
-36 -101
-16 -114
6 -126
30 -136
53 -143
77 -149
101 -153
124 -154
146 -153
167 -149
186 -143
202 -136
216 -126
227 -114
236 -101
241 -86
243 -71
241 -54
237 -37
229 -20
218 -3
204 13
188 29
169 43
148 56
126 68
102 77
78 84
53 90
28 92
4 93
-20 91
-43 86
-64 79
-83 70
-100 59
-115 46
-127 31
-137 15
-143 -2
-147 -19
-148 -37
-147 -55
-143 -73
-136 -90
-127 -106
-116 -120
-103 -133
-88 -143
-72 -152
-56 -158
-39 -161
-21 -162
-4 -160
13 -155
30 -148
45 -138
60 -125
74 -110
85 -93
96 -74
105 -53
112 -32
117 -9
122 14
124 37
125 60
125 82
123 104
121 124
117 143
113 159
109 174
104 187
100 197
95 204
91 209
87 212
83 211
80 209
78 204
76 197
75 188
75 177
75 165
76 151
77 137
79 122
81 107
83 92
85 77
86 63
88 49
88 37
88 26
88 17
86 9
83 3
79 -1
75 -4
69 -4
62 -3
54 -1
45 3
35 8
24 14
13 21
1 29
-10 37
-22 45
-33 53
-45 61
-55 68
-64 74
-73 79
-80 83
-85 85
-89 86
-92 85
-92 83
-90 79
-87 73
-81 66
-74 57
-64 47
-53 35
-40 23
-26 10
-10 -4
6 -18
24 -33
42 -47
61 -61
80 -74
99 -87
117 -99
135 -109
152 -118
168 -125
183 -130
196 -134
208 -136
218 -136
226 -134
232 -130
237 -124
239 -116
240 -107
239 -96
236 -84
231 -70
225 -56
217 -40
208 -24
198 -8
188 9
176 27
164 44
151 61
139 77
126 93
113 109
101 124
89 138
77 151
65 163
55 175
44 185
35 195
26 204
17 212
9 219
1 225
-6 231
-12 236
-19 240
-25 243
-31 246
-37 249
-43 250
-49 252
-55 252
-62 252
-68 251
-75 250
-81 248
-88 245
-95 241
-101 237
-108 231
-115 224
-121 217
-127 208
-132 198
-138 186
-142 173
-146 159
-149 144
-151 128
-152 111
-152 92
-151 73
-149 53
-146 32
-142 11
-137 -11
-131 -32
-123 -53
-115 -73
-107 -93
-97 -111
-87 -129
-76 -145
-66 -159
-55 -170
-44 -180
-33 -187
-23 -191
-13 -193
-4 -192
5 -188
13 -181
20 -170
25 -157
30 -141
33 -122
36 -100
37 -76
37 -50
36 -22
34 8
31 38
27 71
22 103
16 136
10 169
3 201
-4 232
-11 262
-18 291
-25 318
-32 342
-39 364
-45 383
-51 400
-57 413
-61 423
-65 430
-69 433
-71 433
-73 430
-74 423
-75 414
-75 401
-74 386
-73 368
-71 348
-69 326
-66 302
-64 276
-61 249
-58 222
-55 194
-52 165
-50 136
-48 108
-46 81
-44 54
-43 28
-42 3
-41 -20
-41 -42
-41 -62
-42 -80
-43 -96
-44 -111
-46 -123
-48 -134
-50 -142
-52 -149
-54 -154
-56 -157
-58 -159
-60 -158
-62 -157
-64 -154
-65 -150
-66 -145
-67 -138
-68 -131
-68 -123
-68 -115
-68 -106
-67 -97
-67 -87
-66 -77
-65 -67
-64 -58
-63 -48
-61 -38
-60 -29
-59 -20
-59 -11
-58 -3
-58 5
-58 12
-58 19
-59 25
-60 31
-62 35
-63 39
-66 43
-68 45
-71 47
-74 48
-78 48
-82 47
-85 45
-89 42
-93 39
-97 35
-101 30
-105 24
-108 18
-111 11
-114 3
-116 -5
-119 -13
-120 -22
-121 -30
-122 -39
-122 -48
-121 -56
-120 -64
-119 -72
-116 -79
-114 -85
-110 -90
-107 -95
-103 -99
-98 -101
-93 -103
-88 -103
-83 -102
-77 -100
-72 -97
-66 -93
-60 -88
-55 -81
-49 -74
-44 -66
-39 -57
-34 -48
-29 -38
-25 -28
-21 -18
-17 -8
-14 2
-11 11
-9 20
-7 29
-5 36
-4 43
-3 49
-2 53
-2 56
-2 59
-2 60
-2 59
-3 58
-4 55
-4 51
-5 46
-6 40
-7 34
-7 26
-8 19
-8 10
-8 2
-8 -6
-8 -15
-7 -23
-6 -30
-5 -37
-3 -43
-1 -49
2 -53
5 -57
9 -59
12 -60
17 -60
21 -59
26 -57
31 -53
37 -49
42 -44
48 -38
54 -31
61 -23
67 -15
73 -7
79 1
85 9
91 17
97 25
102 32
107 38
112 44
116 49
120 53
124 56
126 58
129 59
131 58
132 57
133 55
133 52
133 48
133 43
132 38
131 32
129 26
127 19
125 12
123 5
121 -1
119 -8
117 -14
115 -20
113 -25
112 -30
110 -34
109 -37
108 -40
108 -42
107 -43
107 -43
108 -43
108 -42
109 -40
110 -38
111 -36
112 -33
113 -30
114 -27
115 -24
115 -21
116 -18
115 -16
115 -14
113 -12
111 -11
108 -10
104 -10
100 -10
94 -11
88 -12
81 -14
73 -16
64 -19
54 -22
44 -25
32 -28
21 -32
9 -35
-3 -38
-16 -41
-28 -44
-40 -47
-52 -49
-64 -50
-75 -52
-85 -52
-94 -53
-102 -52
-109 -51
-115 -50
-119 -48
-121 -46
-122 -43
-122 -40
-119 -37
-115 -34
-109 -31
-102 -27
-93 -24
-83 -21
-71 -18
-58 -16
-44 -14
-29 -12
-14 -11
2 -11
19 -11
35 -11
52 -12
68 -13
84 -15
99 -18
113 -20
126 -23
138 -26
149 -29
158 -33
166 -36
172 -40
176 -43
179 -46
180 -49
179 -52
176 -54
173 -56
167 -58
160 -59
152 -60
143 -61
134 -62
123 -62
112 -62
100 -63
88 -63
77 -63
65 -64
54 -64
43 -65
33 -66
24 -68
16 -70
8 -73
2 -76
-2 -80
-6 -84
-8 -88
-9 -93
-9 -98
-8 -104
-5 -109
-1 -115
4 -121
9 -126
16 -132
23 -137
30 -141
38 -145
47 -148
55 -150
63 -151
71 -151
79 -150
87 -148
93 -145
100 -141
105 -135
110 -128
113 -121
116 -112
117 -102
118 -92
117 -81
116 -70
114 -58
110 -47
106 -35
100 -24
94 -14
88 -4
80 6
72 14
64 21
55 27
46 31
37 35
28 36
19 37
11 36
2 33
-6 29
-13 24
-21 18
-27 11
-33 4
-38 -5
-42 -14
-46 -23
-49 -32
-50 -41
-52 -50
-52 -58
-51 -65
-50 -71
-48 -77
-45 -81
-42 -84
-37 -86
-33 -87
-27 -86
-22 -84
-15 -81
-9 -77
-2 -71
6 -65
13 -58
21 -51
29 -43
36 -35
44 -28
52 -20
59 -13
66 -6
73 -1
80 4
86 8
92 10
98 12
103 12
108 11
112 9
116 5
120 1
122 -5
125 -11
126 -18
128 -25
128 -32
128 -39
128 -46
127 -52
126 -58
124 -62
122 -66
119 -67
115 -67
112 -65
107 -62
103 -56
98 -48
93 -38
87 -26
81 -12
75 4
68 21
61 40
54 60
47 81
39 103
32 125
24 148
17 170
9 191
1 211
-6 231
-14 248
-21 264
-28 278
-35 289
-41 298
-47 304
-53 307
-58 307
-62 304
-66 299
-70 291
-73 280
-75 266
-76 250
-77 232
-77 213
-76 191
-75 169
-73 146
-70 122
-66 98
-62 74
-57 51
-52 28
-46 7
-40 -13
-33 -32
-27 -49
-20 -63
-13 -76
-6 -86
1 -94
7 -100
13 -103
18 -105
24 -104
28 -102
32 -98
35 -92
37 -85
39 -76
40 -68
39 -58
38 -48
37 -38
34 -28
31 -18
27 -9
22 0
17 8
11 14
6 20
0 25
-6 29
-12 31
-17 33
-23 33
-27 33
-31 31
-35 29
-37 26
-39 23
-39 19
-39 15
-38 11
-35 7
-31 3
-26 0
-21 -3
-14 -6
-7 -8
2 -10
10 -11
20 -12
29 -12
39 -12
49 -11
58 -10
67 -9
76 -8
84 -7
91 -5
96 -4
101 -4
104 -4
106 -4
106 -5
104 -7
101 -9
97 -12
90 -15
82 -19
73 -24
61 -29
49 -35
35 -41
21 -48
5 -54
-11 -60
-27 -66
-44 -72
-61 -77
-78 -81
-94 -85
-109 -88
-124 -89
-138 -90
-150 -89
-161 -87
-171 -84
-179 -80
-185 -74
-190 -68
-192 -60
-193 -51
-193 -42
-190 -32
-186 -22
-180 -12
-174 -1
-165 9
-156 18
-146 27
-135 35
-124 42
-112 47
-100 51
-88 53
-76 54
-64 53
-53 50
-43 46
-33 39
-24 31
-15 22
-8 11
-1 -1
4 -14
9 -28
13 -42
16 -57
19 -72
20 -86
22 -100
23 -112
24 -124
25 -134
26 -143
26 -150
28 -155
29 -158
31 -158
34 -157
37 -153
40 -147
45 -139
50 -129
56 -117
62 -103
69 -88
77 -72
85 -55
94 -37
103 -19
111 -1
121 17
130 34
138 50
147 65
155 78
163 90
170 99
177 107
182 112
188 116
192 116
195 115
198 111
200 105
201 96
201 87
201 75
201 62
199 47
198 32
196 16
194 0
192 -16
190 -31
188 -46
186 -60
184 -73
183 -84
182 -94
182 -101
182 -107
183 -110
183 -111
185 -109
186 -105
188 -98
190 -89
192 -78
193 -65
195 -50
196 -33
196 -14
196 6
195 26
193 48
191 70
187 93
182 115
175 137
168 159
159 179
149 199
137 217
125 234
111 249
96 263
80 274
64 284
47 292
30 297
12 301
-5 302
-22 302
-39 299
-55 295
-70 289
-83 281
-96 271
-107 260
-116 248
-124 235
-129 220
-132 205
-133 189
-133 172
-130 154
-125 136
-118 118
-108 100
-98 82
-85 63
-71 45
-55 27
-39 9
-22 -8
-4 -24
15 -41
34 -56
52 -70
71 -84
89 -96
106 -108
122 -119
137 -128
151 -135
163 -142
174 -147
183 -150
191 -152
197 -153
201 -152
204 -149
205 -144
204 -138
202 -130
199 -121
194 -110
188 -98
181 -84
173 -69
164 -53
154 -37
144 -19
134 -1
123 17
112 35
101 54
90 72
80 89
69 106
59 123
49 138
39 152
29 164
20 175
11 185
2 193
-6 199
-14 203
-22 206
-30 207
-38 206
-46 203
-54 199
-61 194
-69 187
-77 180
-85 171
-93 162
-101 153
-109 143
-117 133
-125 123
-132 114
-140 104
-147 96
-154 88
-160 82
-166 76
-172 71
-176 68
-180 65
-183 64
-185 64
-187 64
-187 66
-186 68
-184 71
-181 75
-177 79
-172 83
-165 87
-158 90
-149 93
-140 96
-129 98
-118 99
-105 99
-92 97
-79 95
-64 91
-50 86
-34 80
-19 73
-4 64
12 55
28 45
43 34
58 22
73 10
88 -2
102 -14
116 -25
128 -36
141 -46
152 -54
163 -62
172 -68
181 -72
189 -74
196 -75
201 -73
206 -69
210 -63
212 -54
213 -44
213 -31
212 -17
210 -1
206 17
202 36
196 56
188 77
180 99
171 120
161 142
149 163
137 184
124 203
110 222
95 238
80 253
64 266
48 277
31 285
15 291
-2 294
-18 295
-34 293
-50 289
-65 283
-79 274
-93 263
-105 250
-117 235
-127 219
-135 201
-143 183
-149 164
-153 145
-156 125
-157 106
-157 87
-155 68
-152 51
-147 35
-142 20
-135 7
-126 -5
-117 -15
-108 -23
-97 -29
-86 -33
-75 -36
-64 -37
-53 -36
-43 -34
-32 -30
-23 -25
-14 -19
-6 -13
1 -5
7 3
11 11
14 19
16 26
17 34
16 40
14 46
11 51
7 55
1 58
-5 59
-12 60
-20 59
-29 56
-37 52
-46 47
-55 41
-64 33
-72 24
-80 15
-87 4
-93 -7
-98 -19
-102 -31
-104 -44
-106 -56
-106 -69
-105 -81
-102 -93
-98 -105
-93 -115
-86 -125
-79 -135
-70 -143
-60 -150
-50 -156
-38 -161
-26 -165
-14 -167
-2 -168
10 -168
22 -167
34 -164
46 -160
56 -155
66 -149
75 -142
82 -134
89 -125
94 -115
98 -104
101 -92
102 -80
102 -67
100 -54
97 -41
93 -27
88 -13
81 1
74 15
65 30
56 43
46 57
36 70
25 83
14 95
3 107
-8 118
-18 129
-29 138
-39 147
-48 155
-57 162
-65 168
-73 172
-79 176
-85 178
-90 180
-94 180
-97 179
-100 176
-101 173
-102 168
-102 162
-102 155
-100 147
-99 138
-96 128
-94 118
-91 106
-87 94
-84 82
-80 69
-76 56
-72 42
-68 29
-63 16
-59 2
-55 -10
-50 -23
-46 -35
-41 -46
-36 -56
-31 -66
-26 -75
-21 -82
-15 -89
-9 -95
-3 -99
3 -102
10 -105
17 -106
25 -106
32 -105
40 -103
48 -100
57 -96
65 -91
73 -85
82 -79
90 -73
98 -65
106 -58
114 -50
120 -42
126 -35
132 -27
136 -19
139 -12
142 -5
142 1
142 8
140 13
137 18
132 23
126 26
118 30
109 32
98 34
86 35
73 36
58 36
43 35
26 34
9 33
-8 32
-26 30
-44 29
-62 27
-79 25
-96 24
-112 23
-127 22
-141 21
-153 21
-164 22
-173 22
-180 24
-185 26
-187 28
-188 32
-187 35
-183 40
-178 44
-170 49
-161 55
-150 61
-137 67
-123 73
-109 79
-93 85
-76 91
-60 96
-43 101
-27 106
-11 110
4 113
18 115
31 116
42 117
52 116
59 115
65 112
68 108
69 104
68 98
65 91
60 84
52 75
43 66
32 56
19 46
6 35
-9 25
-25 14
-41 3
-58 -8
-74 -18
-90 -27
-105 -36
-119 -44
-132 -51
-144 -57
-154 -63
-161 -67
-167 -70
-171 -71
-172 -72
-171 -71
-167 -69
-161 -67
-154 -63
-144 -59
-132 -54
-118 -49
-103 -43
-87 -37
-70 -32
-52 -26
-34 -21
-16 -16
2 -12
19 -9
35 -7
51 -6
64 -6
77 -8
87 -11
95 -15
101 -20
105 -27
107 -35
106 -44
103 -54
98 -65
91 -76
82 -88
71 -100
58 -112
45 -124
30 -135
14 -146
-3 -155
-20 -164
-37 -170
-53 -176
-69 -179
-85 -180
-100 -179
-113 -176
-125 -170
-136 -163
-146 -153
-154 -140
-161 -126
-165 -109
-169 -91
-171 -71
-171 -49
-171 -26
-169 -2
-166 22
-163 47
-159 73
-155 98
-150 122
-145 146
-140 168
-136 190
-132 209
-129 228
-126 243
-124 257
-122 269
-122 278
-122 285
-123 290
-124 292
-127 292
-129 290
-133 286
-136 279
-140 272
-143 262
-147 251
-150 240
-153 227
-155 214
-156 200
-157 186
-156 172
-155 158
-153 145
-150 132
-145 120
-140 109
-133 99
-126 89
-118 81
-109 73
-99 66
-90 61
-80 55
-69 51
-59 47
-49 44
-40 41
-31 39
-22 36
-15 34
-8 32
-2 29
2 26
6 23
8 20
10 16
10 12
10 8
9 4
7 -1
4 -5
1 -10
-2 -15
-6 -19
-9 -22
-13 -26
-16 -28
-18 -30
-20 -30
-21 -30
-21 -28
-20 -26
-19 -21
-16 -16
-12 -9
-7 -1
-1 8
6 18
14 30
23 42
32 55
41 69
51 82
61 96
71 110
80 123
89 136
98 147
105 158
112 167
118 174
123 180
126 183
128 185
129 184
128 182
127 177
124 170
120 160
115 149
109 136
103 121
96 104
88 86
81 68
74 48
67 28
60 7
54 -13
49 -33
45 -52
42 -70
40 -88
39 -103
40 -117
41 -129
44 -139
48 -147
53 -152
59 -156
66 -157
73 -156
81 -153
89 -147
97 -140
104 -131
111 -121
117 -110
122 -97
126 -83
128 -69
129 -55
127 -41
124 -26
119 -12
113 1
104 14
93 25
80 36
65 46
49 54
31 61
12 67
-8 72
-30 75
-51 77
-73 78
-95 78
-117 77
-138 76
-158 73
-177 70
-194 66
-210 62
-224 58
-236 54
-246 50
-253 45
-258 41
-261 36
-262 32
-260 28
-255 23
-249 19
-241 15
-231 11
-219 7
-205 2
-191 -3
-176 -8
-159 -13
-143 -19
-126 -25
-109 -32
-93 -39
-77 -47
-61 -55
-47 -64
-33 -73
-20 -82
-9 -91
1 -100
10 -109
17 -118
24 -126
28 -134
32 -140
35 -146
36 -151
37 -154
37 -156
36 -156
35 -155
33 -152
31 -148
29 -142
27 -134
25 -124
24 -113
22 -101
21 -87
21 -73
21 -58
22 -42
23 -26
25 -11
27 5
30 20
33 34
37 47
41 59
46 69
51 77
56 83
61 88
66 90
71 90
76 88
81 84
86 78
90 70
95 61
99 50
103 38
106 25
109 12
112 -2
114 -15
116 -28
117 -40
119 -51
119 -61
120 -68
120 -74
120 -77
119 -78
118 -76
116 -72
114 -65
112 -55
109 -43
106 -29
102 -12
98 6
94 26
89 47
83 70
77 92
70 115
63 137
56 159
48 179
40 198
32 215
23 229
14 241
5 250
-4 256
-13 258
-21 257
-29 252
-37 244
-45 232
-52 218
-59 200
-64 179
-69 156
-74 131
-77 105
-80 77
-81 48
-82 19
-83 -10
-82 -38
-81 -66
-79 -91
-77 -115
-75 -136
-73 -155
-70 -170
-67 -183
-65 -192
-63 -197
-61 -199
-60 -197
-60 -192
-61 -184
-62 -172
-64 -158
-68 -141
-72 -121
-78 -100
-84 -77
-91 -53
-99 -29
-108 -4
-118 21
-128 45
-138 68
-149 89
-159 109
-169 127
-179 143
-188 156
-196 166
-202 174
-208 178
-212 180
-215 180
-215 176
-214 170
-211 161
-206 151
-200 138
-191 124
-180 108
-168 91
-154 73
-138 55
-121 37
-104 18
-85 0
-66 -17
-46 -34
-26 -50
-7 -64
12 -77
30 -89
47 -99
63 -108
78 -116
90 -121
101 -126
110 -128
117 -130
122 -131
125 -130
125 -129
123 -127
120 -124
114 -121
107 -117
98 -114
87 -110
76 -107
63 -103
50 -100
36 -97
22 -95
8 -93
-5 -92
-19 -91
-31 -91
-42 -91
-53 -92
-62 -93
-70 -94
-76 -97
-81 -99
-84 -101
-86 -104
-86 -108
-85 -111
-83 -114
-79 -118
-74 -122
-67 -126
-61 -130
-53 -134
-45 -138
-36 -142
-27 -146
-19 -150
-10 -154
-2 -158
6 -162
13 -166
19 -170
24 -173
29 -177
32 -180
35 -182
36 -184
36 -186
35 -187
33 -188
30 -188
26 -187
22 -185
16 -182
9 -178
2 -173
-6 -167
-14 -160
-22 -152
-31 -143
-40 -133
-50 -122
-59 -110
-68 -97
-77 -84
-86 -70
-94 -56
-102 -41
-110 -27
-117 -13
-124 1
-129 14
-134 27
-138 38
-142 49
-144 58
-145 66
-145 72
-144 77
-142 81
-139 83
-134 83
-128 82
-121 79
-112 75
-102 70
-91 65
-78 58
-64 51
-49 43
-32 35
-15 28
3 21
22 15
42 10
62 6
82 4
103 3
123 4
143 6
162 11
180 18
198 26
213 37
228 49
240 63
251 79
260 96
266 114
270 133
272 153
271 172
268 191
262 210
254 228
244 245
232 260
218 274
202 285
184 294
165 301
146 305
126 306
105 304
85 299
65 292
45 282
26 269
9 254
-7 237
-21 218
-34 197
-44 175
-52 153
-58 130
-62 106
-63 84
-63 62
-60 41
-55 21
-49 3
-41 -12
-31 -26
-21 -37
-10 -45
2 -51
13 -54
24 -54
35 -52
45 -47
54 -40
62 -31
68 -19
72 -7
75 7
75 22
74 37
71 52
66 68
59 82
50 96
40 109
29 120
17 130
4 137
-9 143
-23 146
-36 148
-48 147
-60 144
-70 138
-79 131
-86 122
-91 112
-93 100
-94 87
-92 73
-87 59
-80 45
-71 32
-60 18
-46 6
-30 -5
-13 -15
5 -23
24 -29
44 -33
65 -35
85 -35
104 -32
123 -27
141 -21
156 -12
170 -1
182 11
191 25
197 40
200 56
201 72
198 89
192 106
184 123
172 139
159 154
142 168
124 181
103 192
82 202
59 210
35 215
11 219
-12 221
-36 221
-58 219
-79 216
-98 211
-116 204
-131 196
-143 187
-153 176
-161 166
-165 154
-167 143
-165 131
-161 120
-154 109
-145 99
-134 89
-120 80
-105 72
-88 65
-70 59
-51 54
-32 51
-12 48
7 46
26 45
44 45
61 45
77 46
92 47
105 48
117 49
127 50
135 51
142 52
147 52
150 51
152 50
153 48
153 45
151 42
149 38
146 33
143 28
140 22
137 16
133 9
130 3
128 -4
126 -11
124 -18
123 -24
122 -30
122 -35
123 -39
124 -43
125 -46
127 -48
129 -49
131 -49
133 -48
134 -47
135 -44
136 -40
136 -36
135 -31
134 -26
132 -20
129 -14
125 -8
120 -1
115 5
109 11
102 17
95 23
88 28
80 32
73 36
67 40
60 42
55 44
50 46
47 47
44 47
43 47
44 46
47 45
51 44
56 42
64 41
73 39
83 38
95 37
109 36
123 35
138 35
154 35
170 36
186 37
201 38
216 40
230 42
243 45
254 48
263 51
270 55
275 58
278 62
278 65
275 68
270 71
261 73
251 75
237 77
222 78
203 78
184 77
162 76
139 75
114 72
89 69
64 66
39 61
13 57
-11 52
-34 46
-56 41
-77 35
-95 29
-112 24
-125 18
-137 12
-146 7
-152 2
-155 -2
-155 -6
-153 -10
-149 -13
-142 -16
-133 -18
-122 -20
-110 -21
-96 -22
-81 -23
-65 -24
-48 -24
-32 -24
-16 -25
0 -25
16 -26
30 -26
43 -28
55 -29
65 -31
73 -34
80 -37
84 -41
87 -45
88 -50
87 -56
84 -62
80 -69
74 -77
67 -85
58 -93
49 -102
38 -110
27 -119
15 -128
4 -137
-8 -146
-20 -155
-32 -163
-43 -171
-53 -178
-63 -184
-71 -190
-79 -195
-86 -199
-92 -203
-97 -205
-101 -207
-104 -207
-106 -207
-107 -205
-108 -203
-107 -200
-106 -195
-104 -190
-102 -184
-99 -177
-96 -169
-93 -160
-89 -151
-85 -141
-82 -130
-78 -119
-74 -107
-71 -95
-67 -82
-64 -70
-60 -56
-57 -43
-54 -30
-50 -17
-47 -3
-44 9
-41 22
-38 35
-34 47
-31 59
-27 70
-23 80
-19 90
-15 99
-11 107
-6 114
-1 121
4 126
9 130
14 133
20 135
25 136
31 135
37 134
43 131
48 127
54 122
60 117
65 110
71 102
76 94
81 85
86 76
90 66
94 56
98 46
102 35
105 25
109 15
111 6
114 -3
116 -12
118 -20
120 -27
121 -33
122 -39
123 -43
124 -47
124 -50
124 -51
124 -52
124 -52
124 -51
123 -49
122 -47
121 -44
119 -40
118 -35
116 -30
114 -25
112 -19
110 -13
107 -6
105 0
103 7
100 14
98 22
95 29
93 36
90 44
88 52
86 60
84 68
82 76
79 84
78 93
76 102
74 110
72 120
70 129
69 138
67 148
65 157
63 166
60 175
57 184
54 193
51 201
47 208
42 214
37 220
31 224
25 228
18 229
11 229
2 228
-6 225
-16 220
-26 213
-36 204
-46 193
-57 180
-68 166
-78 149
-89 131
-99 111
-109 90
-118 67
-126 44
-133 20
-139 -5
-143 -29
-147 -54
-149 -77
-149 -101
-147 -123
-144 -143
-139 -162
-132 -179
-124 -193
-114 -205
-102 -215
-89 -222
-75 -226
-59 -227
-42 -225
-25 -220
-7 -213
11 -203
29 -191
48 -176
65 -159
83 -141
99 -121
115 -101
129 -79
141 -57
153 -35
162 -14
170 8
176 28
180 47
182 65
183 81
182 95
179 108
175 118
169 126
163 133
155 137
146 139
137 139
128 138
118 136
109 132
99 127
90 121
82 115
74 109
67 102
61 96
56 90
51 85
48 81
45 77
44 75
42 73
42 73
42 74
42 75
42 78
42 81
42 85
42 90
40 94
39 98
36 103
32 106
27 109
21 111
14 112
5 112
-4 110
-15 106
-27 101
-39 94
-53 85
-67 75
-81 63
-95 50
-110 35
-123 20
-137 4
-149 -12
-160 -28
-170 -44
-178 -59
-184 -73
-189 -85
-191 -96
-191 -105
-189 -112
-185 -116
-178 -117
-170 -115
-159 -111
-147 -103
-133 -92
-117 -79
-100 -63
-83 -44
-65 -24
-46 -1
-28 23
-10 48
7 73
24 99
39 124
52 148
64 171
74 191
81 210
87 225
90 238
91 247
89 253
85 254
80 252
72 246
62 236
51 222
38 204
25 183
11 159
-4 133
-19 105
-34 75
-48 44
-62 12
-74 -19
-86 -49
-96 -79
-104 -106
-111 -131
-116 -153
-120 -172
-121 -187
-121 -198
-119 -206
-116 -208
-111 -207
-105 -201
-99 -191
-91 -177
-83 -160
-75 -139
-67 -115
-59 -89
-52 -60
-46 -31
-41 -1
-36 30
-33 59
-32 88
-32 115
-34 140
-37 162
-41 181
-47 196
-53 208
-61 215
-70 218
-80 217
-89 211
-99 202
-109 188
-118 170
-127 149
-134 125
-141 98
-146 69
-149 39
-151 7
-150 -25
-148 -57
-144 -88
-138 -118
-129 -147
-119 -173
-107 -196
-94 -217
-79 -235
-63 -249
-46 -259
-28 -266
-10 -268
8 -268
25 -263
42 -255
58 -244
73 -231
86 -215
98 -197
108 -177
116 -156
122 -134
126 -112
128 -90
127 -68
125 -47
120 -28
114 -10
106 6
96 20
86 31
74 41
62 48
49 53
36 55
24 55
12 54
0 50
-10 45
-19 38
-27 31
-33 23
-38 14
-41 6
-42 -3
-41 -11
-39 -18
-35 -25
-29 -30
-23 -35
-15 -37
-6 -39
4 -38
14 -37
24 -34
35 -30
45 -24
55 -18
64 -11
71 -3
78 5
84 14
88 22
91 31
92 39
92 46
90 52
87 57
82 62
76 65
69 67
61 68
52 67
43 66
33 63
23 60
13 55
4 50
-6 45
-14 39
-22 33
-28 27
-34 22
-38 17
-41 12
-43 9
-43 7
-43 5
-41 5
-37 6
-33 9
-28 12
-22 17
-16 23
-10 30
-3 38
3 46
10 55
15 64
20 74
24 83
27 92
29 101
29 108
28 115
25 121
21 126
15 129
8 131
-1 131
-11 130
-23 127
-36 123
-51 118
-66 111
-82 103
-99 94
-116 84
-133 73
-150 62
-168 51
-185 39
-201 27
-217 16
-232 4
-246 -6
-258 -16
-270 -25
-280 -34
-289 -41
-297 -48
-303 -53
-308 -58
-311 -62
-313 -65
-314 -67
-313 -69
-310 -70
-307 -70
-302 -71
-296 -71
-289 -71
-281 -70
-272 -70
-262 -70
-251 -70
-239 -71
-227 -71
-214 -72
-201 -72
-187 -73
-173 -74
-158 -75
-143 -75
-128 -75
-113 -74
-97 -73
-82 -70
-67 -67
-52 -63
-37 -57
-23 -51
-10 -42
3 -33
15 -21
27 -9
37 5
46 21
53 37
60 55
65 73
68 92
70 111
70 130
69 149
66 167
61 184
54 200
46 215
37 227
26 238
13 245
0 251
-15 253
-30 252
-46 248
-63 241
-79 231
-96 218
-112 202
-128 182
-143 161
-158 136
-171 110
-183 83
-194 54
-203 23
-210 -7
-216 -37
-220 -67
-221 -97
-221 -125
-219 -151
-215 -175
-209 -197
-202 -216
-193 -232
-182 -246
-170 -255
-158 -262
-144 -265
-130 -265
-116 -262
-101 -255
-86 -246
-72 -234
-58 -219
-44 -203
-32 -185
-20 -165
-10 -145
0 -124
8 -103
15 -83
20 -62
24 -43
27 -25
28 -9
28 5
27 18
25 28
22 37
19 43
15 47
10 49
5 49
0 47
-6 43
-11 38
-15 32
-20 25
-24 18
-27 10
-29 2
-31 -6
-32 -14
-32 -20
-32 -26
-30 -31
-28 -34
-25 -36
-21 -37
-16 -36
-11 -34
-5 -31
1 -26
8 -21
15 -14
23 -7
30 1
38 9
45 17
53 25
60 32
68 39
75 45
82 50
89 53
96 56
102 56
108 56
114 54
120 50
125 46
131 39
135 32
140 24
144 14
148 5
152 -5
155 -15
158 -25
160 -34
162 -43
163 -50
164 -56
164 -60
163 -63
161 -64
159 -63
156 -60
151 -54
146 -47
140 -37
132 -25
124 -12
114 3
103 20
91 38
79 56
65 75
50 95
35 114
19 133
3 152
-14 169
-31 184
-48 199
-65 211
-81 221
-98 228
-113 234
-127 236
-141 236
-153 233
-164 228
-174 220
-182 210
-188 198
-192 183
-195 167
-195 150
-194 131
-191 112
-186 92
-179 72
-170 53
-159 34
-147 16
-134 -1
-118 -16
-102 -30
-85 -41
-67 -51
-48 -58
-29 -62
-10 -64
10 -64
30 -61
49 -56
68 -49
86 -39
103 -27
119 -14
135 1
149 17
162 34
173 52
183 70
191 88
198 106
204 124
207 140
209 156
210 171
209 184
206 196
202 206
196 215
190 221
182 226
172 228
162 229
151 228
139 224
127 219
114 212
100 204
87 194
73 183
59 171
46 157
33 143
20 128
8 113
-4 97
-15 81
-24 65
-33 48
-41 33
-48 17
-54 2
-58 -12
-61 -26
-63 -40
-64 -52
-63 -64
-62 -75
-59 -85
-56 -94
-51 -102
-46 -109
-39 -116
-33 -121
-26 -126
-19 -130
-11 -133
-4 -135
3 -136
10 -137
16 -137
21 -136
26 -135
29 -133
32 -131
33 -129
33 -127
31 -124
29 -121
25 -118
19 -115
13 -113
4 -110
-5 -108
-15 -107
-26 -106
-38 -105
-51 -106
-64 -107
-77 -108
-91 -111
-104 -114
-117 -118
-130 -122
-142 -128
-153 -134
-163 -141
-172 -148
-180 -155
-186 -163
-192 -171
-195 -180
-197 -188
-198 -196
-197 -203
-195 -210
-191 -217
-187 -222
-181 -227
-174 -231
-167 -234
-158 -236
-150 -236
-141 -235
-132 -233
-123 -229
-114 -224
-106 -219
-98 -211
-91 -203
-85 -194
-79 -184
-75 -174
-71 -163
-69 -152
-67 -140
-67 -129
-67 -118
-68 -108
-70 -98
-72 -89
-76 -81
-79 -74
-82 -68
-86 -63
-90 -60
-93 -58
-96 -58
-98 -59
-100 -61
-101 -65
-101 -70
-101 -75
-99 -81
-97 -88
-94 -96
-89 -103
-84 -110
-79 -117
-72 -124
-65 -129
-58 -134
-50 -137
-42 -139
-34 -139
-26 -138
-19 -135
-12 -130
-5 -123
0 -114
5 -103
10 -90
13 -76
15 -59
16 -42
17 -23
16 -3
14 18
12 40
8 62
4 84
0 106
-5 127
-11 147
-16 167
-22 185
-28 202
-33 217
-38 231
-42 242
-46 252
-49 259
-52 264
-53 267
-54 268
-54 266
-53 263
-51 258
-48 251
-45 243
-41 233
-36 222
-31 210
-26 197
-21 184
-15 170
-10 156
-4 142
1 128
6 115
10 102
14 89
17 77
20 67
22 56
23 47
24 38
25 30
24 23
24 17
23 11
22 6
21 1
20 -3
18 -7
17 -11
16 -15
16 -19
16 -23
16 -27
17 -31
19 -35
21 -40
23 -44
26 -49
30 -54
34 -59
38 -64
42 -68
47 -73
51 -77
55 -81
59 -85
63 -88
66 -90
68 -91
69 -92
69 -92
69 -92
67 -90
63 -87
59 -84
53 -79
47 -74
39 -69
30 -62
20 -55
9 -48
-3 -40
-15 -32
-28 -24
-41 -16
-54 -9
-66 -1
-79 5
-91 11
-102 16
-112 21
-121 24
-129 27
-135 28
-141 29
-144 28
-147 27
-147 25
-147 22
-145 18
-141 14
-137 9
-131 3
-125 -2
-118 -8
-110 -13
-102 -18
-94 -23
-86 -28
-78 -32
-70 -35
-63 -37
-57 -39
-52 -40
-47 -41
-44 -40
-42 -39
-41 -37
-40 -35
-41 -32
-43 -30
-46 -27
-50 -24
-54 -21
-58 -19
-63 -17
-68 -16
-73 -15
-78 -16
-82 -17
-86 -20
-89 -24
-91 -29
-92 -36
-92 -44
-91 -53
-90 -63
-86 -74
-82 -86
-77 -99
-71 -112
-64 -125
-57 -139
-49 -152
-41 -165
-33 -177
-25 -189
-17 -199
-10 -208
-4 -215
1 -221
5 -225
7 -227
8 -227
8 -224
6 -220
2 -214
-4 -206
-11 -196
-19 -185
-30 -172
-41 -158
-54 -143
-68 -128
-82 -112
-97 -97
-113 -82
-128 -67
-143 -54
-157 -41
-171 -31
-183 -22
-194 -15
-204 -11
-212 -8
-217 -9
-221 -12
-223 -17
-223 -25
-220 -35
-216 -48
-209 -62
-201 -78
-191 -96
-179 -114
-166 -134
-152 -154
-137 -174
-122 -193
-106 -212
-91 -230
-75 -246
-61 -260
-47 -273
-34 -282
-23 -289
-13 -293
-5 -295
1 -293
5 -288
8 -280
8 -269
7 -255
3 -239
-2 -220
-9 -200
-17 -177
-27 -154
-37 -130
-49 -105
-61 -81
-73 -57
-85 -34
-98 -12
-109 8
-120 25
-130 40
-139 53
-147 62
-154 68
-159 70
-162 70
-164 66
-164 58
-163 47
-160 34
-156 17
-150 -2
-143 -23
-135 -45
-127 -69
-117 -94
-108 -119
-98 -144
-88 -168
-78 -191
-68 -212
-59 -231
-51 -248
-43 -263
-37 -274
-31 -282
-27 -286
-24 -287
-22 -284
-21 -278
-21 -269
-22 -256
-24 -240
-28 -222
-31 -201
-36 -178
-41 -154
-47 -128
-53 -102
-58 -76
-64 -51
-70 -26
-75 -2
-80 19
-84 38
-87 55
-90 69
-92 79
-93 86
-93 90
-92 90
-90 86
-87 79
-84 68
-80 54
-75 38
-69 18
-63 -3
-57 -27
-50 -51
-43 -77
-36 -103
-29 -128
-22 -153
-15 -177
-9 -199
-3 -218
3 -236
8 -250
13 -261
16 -268
20 -272
22 -272
24 -268
25 -260
25 -248
25 -233
24 -214
22 -193
19 -168
16 -141
13 -112
8 -81
4 -49
-1 -17
-7 15
-13 47
-19 78
-26 107
-32 134
-39 159
-46 181
-53 200
-60 216
-67 229
-74 237
-81 242
-87 243
-93 241
-99 235
-104 225
-109 212
-113 197
-117 179
-120 158
-122 136
-124 113
-125 89
-125 64
-124 39
-122 14
-120 -9
-116 -31
-112 -52
-107 -71
-102 -88
-95 -102
-88 -113
-80 -122
-72 -128
-64 -131
-54 -132
-45 -129
-36 -124
-26 -117
-17 -107
-7 -96
2 -83
10 -68
19 -53
27 -37
34 -21
41 -4
47 12
53 27
58 41
62 54
66 66
68 75
71 83
73 89
74 93
75 95
75 94
75 92
75 87
75 81
75 73
74 63
74 51
74 39
75 26
75 12
76 -3
77 -17
79 -32
80 -46
83 -60
85 -73
88 -86
90 -97
93 -107
96 -116
99 -123
102 -129
105 -133
107 -136
109 -138
111 -138
112 -137
113 -134
113 -131
112 -126
111 -121
109 -115
107 -108
105 -101
101 -93
98 -86
94 -78
90 -70
86 -62
82 -54
79 -47
76 -40
73 -33
70 -27
69 -21
68 -15
68 -10
69 -5
71 0
75 5
79 9
84 13
90 18
97 22
105 26
114 31
123 35
133 40
142 45
152 49
162 55
171 60
180 65
187 70
194 76
199 81
203 86
206 91
206 96
204 100
201 104
195 107
187 110
178 112
165 114
151 115
135 115
118 114
98 112
77 110
55 106
33 102
9 97
-15 91
-39 85
-63 78
-86 70
-108 62
-130 53
-149 45
-168 35
-184 26
-198 17
-210 8
-220 -2
-227 -10
-232 -19
-233 -27
-233 -35
-230 -43
-224 -50
-216 -56
-205 -62
-193 -67
-179 -71
-163 -75
-146 -78
-128 -80
-108 -82
-88 -83
-68 -83
-47 -83
-27 -83
-7 -81
12 -79
31 -77
49 -74
65 -71
80 -68
94 -64
106 -60
116 -55
125 -50
132 -46
137 -40
141 -35
142 -30
143 -24
141 -19
138 -14
134 -8
128 -3
121 1
113 6
104 10
94 14
83 17
72 20
60 22
48 23
36 24
24 23
11 22
-1 21
-13 18
-24 14
-35 10
-46 5
-56 -1
-64 -8
-72 -16
-80 -24
-85 -32
-90 -41
-94 -51
-96 -60
-97 -69
-96 -79
-94 -88
-91 -96
-86 -104
-80 -112
-72 -118
-63 -123
-53 -128
-42 -131
-29 -132
-16 -133
-2 -131
13 -129
28 -124
43 -119
58 -112
74 -103
88 -94
103 -83
116 -71
129 -58
140 -44
150 -31
158 -16
165 -2
170 12
174 26
175 40
174 53
172 64
168 75
161 85
154 93
144 99
133 104
121 108
108 110
95 110
81 108
66 105
52 101
38 95
25 88
13 80
1 71
-9 61
-17 51
-24 40
-29 30
-32 19
-33 9
-33 -1
-30 -10
-26 -18
-20 -26
-13 -32
-4 -37
6 -41
17 -44
28 -46
39 -47
50 -47
61 -45
71 -43
80 -40
88 -36
94 -32
98 -28
101 -23
101 -19
99 -15
94 -11
87 -8
78 -6
67 -4
54 -3
39 -4
23 -5
5 -8
-14 -11
-33 -16
-52 -21
-72 -28
-91 -35
-108 -42
-125 -50
-139 -59
-152 -67
-162 -75
-169 -83
-173 -90
-175 -96
-173 -102
-168 -106
-160 -109
-149 -110
-134 -110
-117 -108
-98 -105
-76 -100
-53 -93
-28 -84
-3 -74
23 -63
49 -50
74 -36
98 -21
121 -6
141 9
159 25
174 40
185 55
193 70
197 83
198 95
194 105
186 114
174 121
158 125
139 128
116 128
89 126
61 122
29 115
-4 107
-38 96
-73 83
-108 69
-143 53
-177 36
-209 18
-240 0
-268 -19
-294 -38
-316 -57
-335 -75
-350 -92
-361 -107
-368 -122
-371 -134
-370 -145
-366 -153
-357 -159
-345 -163
-329 -164
-311 -163
-291 -159
-268 -153
-244 -144
-218 -133
-192 -120
-166 -105
-140 -89
-114 -71
-90 -51
-67 -31
-46 -10
-27 11
-11 32
3 53
15 73
23 93
29 112
32 130
32 146
30 161
26 175
20 186
11 196
1 204
-10 210
-22 215
-36 217
-49 218
-62 218
-75 215
-88 212
-100 207
-111 201
-121 194
-129 187
-137 179
-142 170
-147 161
-150 152
-151 143
-152 134
-151 125
-149 117
-147 109
-143 101
-140 94
-135 87
-131 81
-127 76
-123 71
-119 66
-116 62
-113 59
-112 55
-111 53
-111 50
-111 48
-113 46
-116 44
-119 42
-124 40
-128 38
-134 37
-139 35
-145 33
-151 31
-157 30
-163 28
-169 26
-174 25
-178 23
-182 21
-186 20
-188 19
-190 18
-191 17
-191 16
-190 15
-188 15
-186 14
-183 14
-180 15
-176 15
-172 15
-167 16
-162 17
-158 18
-153 19
-148 20
-144 21
-139 22
-135 23
-131 23
-128 24
-124 24
-121 24
-118 24
-115 24
-113 23
-110 23
-107 22
-103 20
-100 19
-96 17
-91 15
-86 14
-81 12
-75 10
-68 7
-60 5
-52 4
-43 2
-34 0
-24 -1
-15 -2
-4 -3
6 -3
16 -3
26 -3
35 -2
43 -1
51 1
57 3
63 5
67 8
69 11
69 15
68 19
65 23
59 28
52 33
43 38
32 44
19 49
4 55
-12 61
-30 67
-49 73
-69 79
-90 85
-111 91
-133 97
-154 103
-175 109
-195 115
-214 121
-232 127
-249 132
-264 137
-277 142
-287 147
-296 151
-302 155
-306 159
-307 162
-306 165
-302 167
-296 169
-287 171
-277 171
-264 171
-250 171
-234 169
-216 167
-197 165
-178 161
-157 157
-136 152
-115 147
-93 140
-72 134
-51 126
-30 118
-10 110
9 101
28 92
45 82
62 72
78 63
92 53
106 43
118 34
130 25
141 16
150 8
159 0
167 -7
175 -13
182 -19
188 -24
194 -28
199 -31
204 -33
208 -35
212 -36
216 -35
219 -35
222 -33
224 -31
225 -28
227 -25
227 -22
227 -18
225 -14
224 -10
221 -5
217 -1
212 3
207 8
200 12
193 15
184 19
175 22
165 25
154 28
142 30
130 32
117 34
105 35
91 37
78 38
65 39
52 40
40 41
28 42
17 43
7 45
-2 47
-10 48
-17 51
-22 53
-26 56
-29 60
-31 63
-31 67
-30 72
-27 76
-24 81
-19 86
-14 92
-7 97
0 103
7 108
15 114
23 119
31 124
39 129
46 133
53 137
60 141
65 144
70 147
73 149
76 150
77 151
78 152
77 152
75 152
72 151
67 149
62 148
56 146
49 143
41 141
32 138
23 136
14 133
5 130
-5 127
-14 125
-23 122
-32 119
-40 117
-48 115
-54 113
-60 111
-65 109
-69 107
-72 105
-73 103
-74 101
-73 99
-71 97
-68 94
-64 92
-59 89
-53 86
-45 82
-37 79
-29 75
-19 71
-9 66
1 61
12 56
23 51
34 46
46 40
57 35
68 30
78 24
88 19
98 14
107 9
115 5
123 1
130 -2
135 -5
140 -8
144 -10
147 -11
149 -12
150 -12
149 -12
148 -11
146 -10
143 -8
139 -6
135 -4
129 -1
123 1
117 4
110 7
102 9
95 12
87 14
80 15
72 17
65 18
58 19
52 19
46 19
41 19
37 18
34 17
31 16
30 15
29 13
30 12
32 11
34 10
38 9
42 8
48 9
54 9
61 11
69 13
77 16
85 19
94 24
103 29
112 36
121 43
130 51
138 60
146 69
154 79
160 90
166 101
171 112
176 123
179 134
182 145
184 156
185 167
185 176
185 185
184 193
182 201
180 207
177 212
174 217
170 220
167 221
163 222
160 222
156 220
153 217
150 214
147 210
144 205
142 199
139 193
137 186
135 179
133 172
132 166
130 159
128 152
125 146
123 141
120 135
116 131
112 127
107 124
101 121
95 119
87 118
79 117
70 117
60 118
49 118
38 120
26 121
13 123
0 125
-13 127
-26 129
-39 131
-52 133
-65 134
-76 135
-87 136
-97 136
-105 136
-112 136
-118 135
-122 134
-125 133
-125 131
-124 128
-121 126
-117 123
-111 120
-103 117
-94 114
-84 110
-73 107
-62 103
-50 99
-37 95
-25 91
-13 87
-2 82
9 78
18 72
26 67
33 61
38 55
41 48
43 40
42 31
40 22
36 12
30 0
22 -11
12 -24
1 -38
-11 -53
-24 -68
-37 -85
-51 -102
-65 -119
-79 -137
-92 -155
-104 -173
-114 -191
-123 -209
-130 -226
-136 -242
-138 -258
-139 -272
-137 -285
-132 -296
-124 -305
-115 -313
-102 -318
-88 -321
-71 -322
-52 -321
-31 -317
-9 -310
13 -302
37 -291
61 -277
84 -262
107 -245
130 -226
151 -205
170 -184
187 -161
202 -137
215 -113
225 -89
231 -65
235 -41
236 -18
234 4
228 26
220 45
208 64
194 81
177 96
159 109
138 121
116 131
92 138
68 144
44 148
19 151
-5 152
-29 151
-52 149
-73 146
-93 142
-110 137
-126 131
-139 125
-150 119
-159 112
-164 106
-167 100
-168 93
-166 88
-162 82
-155 77
-147 72
-136 68
-124 63
-111 60
-96 56
-81 53
-65 49
-49 46
-32 42
-16 39
0 35
16 30
31 26
45 21
58 15
70 9
80 2
90 -5
98 -13
105 -21
111 -30
116 -38
120 -47
122 -56
124 -64
124 -73
124 -81
123 -88
122 -94
120 -100
117 -105
114 -108
110 -110
107 -111
102 -111
98 -109
93 -106
89 -101
84 -96
79 -89
73 -81
68 -72
62 -62
56 -52
50 -41
44 -31
37 -20
31 -9
24 1
17 11
10 20
3 27
-4 34
-10 39
-17 43
-24 45
-30 46
-36 45
-41 43
-46 40
-51 35
-55 29
-58 21
-61 13
-63 4
-65 -5
-66 -15
-66 -25
-66 -34
-66 -44
-65 -52
-65 -60
-64 -67
-63 -73
-63 -77
-62 -81
-63 -82
-63 -82
-65 -81
-67 -78
-71 -73
-75 -68
-80 -61
-87 -53
-94 -44
-102 -34
-112 -24
-123 -14
-134 -4
-146 6
-159 15
-172 24
-186 32
-199 39
-213 45
-226 49
-239 52
-250 53
-261 54
-270 52
-278 50
-285 46
-289 41
-292 35
-292 28
-290 20
-286 13
-280 5
-272 -2
-262 -9
-250 -16
-236 -21
-220 -25
-203 -28
-185 -29
-166 -28
-146 -26
-125 -21
-104 -15
-84 -6
-64 4
-44 16
-25 30
-8 46
8 63
23 81
36 100
47 119
57 139
65 158
71 178
75 196
77 214
78 230
77 245
74 258
71 269
67 277
61 284
55 288
49 290
43 289
36 286
30 281
24 273
19 263
14 252
10 239
7 224
5 208
3 192
3 175
3 158
4 141
5 124
8 107
10 92
12 77
15 64
17 52
19 41
21 32
21 24
21 18
20 14
18 11
14 9
9 8
3 8
-4 10
-13 11
-23 14
-35 16
-47 19
-60 22
-74 25
-89 27
-104 29
-119 30
-134 30
-149 30
-163 29
-176 27
-188 25
-199 22
-209 19
-217 15
-224 11
-229 7
-232 3
-233 0
-232 -3
-229 -5
-224 -7
-218 -7
-210 -6
-201 -4
-190 -1
-178 4
-165 10
-151 18
-137 27
-122 38
-108 49
-93 62
-78 76
-64 90
-51 105
-38 121
-26 136
-15 151
-5 165
4 179
11 192
18 204
23 214
28 222
31 229
33 234
34 238
35 239
34 238
33 235
31 230
29 224
26 216
22 207
19 196
15 185
10 172
6 159
1 146
-4 133
-9 120
-14 107
-20 95
-26 85
-32 75
-38 66
-45 59
-51 53
-58 48
-66 45
-73 43
-80 42
-88 43
-96 44
-104 47
-112 50
-119 53
-126 57
-133 61
-139 64
-145 67
-150 70
-154 71
-157 72
-159 71
-159 69
-159 66
-157 62
-154 56
-149 48
-143 40
-135 30
-127 20
-117 8
-106 -4
-95 -16
-83 -29
-70 -42
-57 -54
-44 -66
-31 -77
-18 -87
-6 -95
5 -103
15 -108
23 -112
31 -114
36 -115
41 -113
43 -110
43 -106
41 -100
38 -92
33 -83
26 -74
17 -64
7 -53
-4 -42
-16 -32
-28 -22
-42 -13
-55 -5
-68 2
-80 7
-92 11
-103 13
-112 13
-120 11
-126 7
-130 1
-132 -7
-132 -16
-130 -27
-125 -38
-119 -51
-110 -65
-100 -78
-88 -92
-74 -105
-59 -118
-44 -129
-28 -139
-11 -147
5 -153
20 -157
35 -158
49 -157
60 -153
71 -146
79 -137
84 -125
88 -110
88 -93
86 -74
81 -54
74 -32
64 -8
51 15
36 39
20 63
1 86
-19 107
-40 127
-62 145
-83 161
-105 174
-126 183
-147 190
-165 193
-183 192
-198 188
-211 180
-221 169
-228 155
-233 137
-235 116
-233 93
-229 68
-221 41
-211 13
-199 -16
-183 -46
-166 -75
-147 -103
-127 -131
-105 -157
-83 -181
-60 -203
-37 -222
-15 -238
6 -251
27 -261
46 -267
63 -270
79 -270
92 -267
104 -261
113 -252
120 -241
125 -227
127 -212
128 -196
127 -178
124 -160
120 -142
114 -124
108 -107
101 -91
94 -77
87 -64
81 -53
74 -44
69 -38
65 -33
61 -32
59 -32
59 -35
60 -40
62 -47
65 -56
71 -66
77 -77
84 -90
92 -102
101 -115
109 -127
118 -139
127 -149
135 -159
143 -167
149 -173
154 -178
158 -180
159 -180
159 -178
156 -174
151 -167
144 -159
135 -148
123 -136
109 -122
93 -107
76 -92
56 -76
35 -59
13 -43
-10 -27
-33 -12
-57 2
-81 14
-103 25
-126 34
-147 40
-166 45
-184 47
-200 46
-214 43
-225 38
-234 31
-240 21
-244 10
-245 -3
-244 -18
-240 -34
-233 -50
-225 -67
-214 -84
-202 -101
-188 -118
-172 -133
-156 -147
-138 -160
-120 -171
-102 -180
-84 -187
-66 -192
-48 -194
-31 -194
-14 -192
1 -187
16 -181
29 -172
41 -161
52 -148
62 -134
71 -118
78 -102
85 -85
91 -67
96 -50
100 -32
103 -15
106 1
109 16
111 30
113 43
115 54
118 64
120 72
122 78
124 82
126 84
129 85
131 84
134 82
137 78
139 73
142 66
144 59
146 51
147 43
149 34
149 25
149 16
149 8
147 -1
145 -8
143 -15
140 -22
135 -28
131 -32
126 -36
120 -39
114 -42
107 -43
100 -44
93 -44
86 -43
80 -42
73 -40
66 -38
60 -36
54 -33
49 -31
44 -28
39 -26
36 -24
33 -22
30 -20
28 -19
27 -18
26 -17
25 -16
25 -16
25 -16
25 -16
26 -17
26 -17
27 -18
27 -18
27 -18
28 -18
27 -18
27 -17
27 -16
26 -14
26 -12
25 -9
24 -5
24 -1
23 4
23 10
24 17
25 24
26 32
28 41
32 50
36 59
41 69
47 80
55 91
63 102
72 114
83 125
95 137
107 149
120 160
134 172
148 183
163 194
177 205
192 215
206 224
219 233
231 241
242 249
252 256
260 262
267 266
271 270
273 273
273 275
271 276
267 276
260 275
251 272
240 269
226 264
211 258
195 251
176 242
157 233
137 223
116 212
95 200
73 187
53 174
33 160
14 146
-4 131
-21 117
-35 102
-48 88
-58 74
-66 61
-72 48
-76 36
-77 25
-75 16
-72 7
-66 0
-58 -6
-49 -11
-38 -14
-25 -15
-12 -15
2 -14
17 -11
32 -6
46 -1
61 6
74 14
87 22
99 32
109 42
119 52
126 63
132 73
137 83
140 93
141 102
141 110
140 118
137 124
133 130
129 134
124 136
118 138
112 137
106 136
100 133
94 129
89 124
85 117
81 110
78 101
76 92
74 83
74 73
75 63
76 53
78 43
81 33
83 24
87 15
90 8
93 1
96 -5
98 -11
99 -15
100 -18
99 -20
97 -21
94 -21
89 -20
83 -19
75 -17
66 -14
55 -11
43 -7
30 -4
15 0
0 4
-16 8
-32 11
-49 14
-65 16
-82 18
-97 20
-112 21
-126 21
-138 21
-148 20
-157 19
-164 18
-169 16
-172 14
-173 12
-171 10
-168 8
-162 7
-155 5
-146 4
-135 4
-123 4
-110 4
-97 5
-82 7
-68 9
-54 12
-40 15
-27 19
-14 23
-3 27
6 31
14 34
21 38
25 41
28 43
29 45
28 45
25 45
21 43
15 40
7 36
-1 30
-10 23
-20 14
-31 4
-41 -7
-51 -19
-61 -33
-70 -48
-78 -63
-85 -79
-90 -95
-93 -111
-95 -127
-95 -143
-93 -158
-89 -172
-84 -185
-76 -196
-67 -205
-56 -213
-43 -218
-30 -222
-15 -223
0 -221
16 -218
31 -211
47 -203
62 -192
77 -180
90 -165
103 -148
114 -131
123 -112
131 -92
137 -71
141 -50
143 -29
143 -8
142 12
138 31
133 48
126 65
118 79
109 92
99 102
88 111
77 117
65 120
53 122
42 120
31 117
21 111
12 104
3 94
-4 83
-10 70
-14 57
-17 42
-19 27
-20 11
-19 -5
-17 -21
-14 -36
-10 -50
-6 -64
0 -77
6 -88
12 -98
18 -106
24 -113
29 -118
34 -121
39 -122
43 -122
46 -120
48 -116
49 -111
49 -104
48 -97
46 -88
44 -78
40 -67
36 -56
32 -44
27 -32
21 -19
16 -7
11 5
5 18
0 30
-4 41
-8 52
-11 63
-13 72
-14 82
-15 91
-14 99
-13 106
-10 113
-7 119
-3 125
2 129
7 134
13 137
19 140
25 143
32 144
38 145
43 145
48 145
53 143
56 141
59 138
61 134
61 129
61 124
60 117
57 109
53 100
49 91
43 80
37 68
31 56
23 43
16 29
9 15
1 0
-6 -15
-12 -31
-18 -46
-22 -60
-26 -75
-29 -88
-30 -101
-30 -113
-28 -123
-25 -132
-21 -139
-15 -144
-7 -148
1 -149
11 -149
22 -146
34 -141
46 -133
59 -124
72 -113
85 -99
97 -84
110 -67
121 -49
131 -29
141 -9
149 12
155 34
160 55
163 76
164 97
164 117
161 135
157 152
151 168
144 181
135 193
124 202
113 209
100 214
87 216
73 215
59 212
44 206
30 198
17 188
4 176
-9 163
-20 147
-30 131
-39 113
-46 95
-52 76
-56 58
-58 39
-59 21
-59 4
-57 -12
-54 -26
-49 -39
-43 -50
-37 -60
-29 -67
-21 -71
-13 -74
-5 -74
4 -73
12 -68
20 -62
28 -54
34 -45
40 -33
45 -20
49 -6
52 9
54 24
55 40
55 56
53 72
51 87
48 102
44 116
39 128
34 139
28 149
22 157
16 163
9 167
3 169
-3 169
-8 166
-13 162
-18 156
-21 148
-24 138
-27 127
-28 114
-29 99
-29 84
-28 68
-27 51
-24 33
-22 16
-18 -2
-15 -19
-11 -35
-6 -51
-2 -67
2 -81
7 -93
11 -105
14 -115
18 -123
21 -129
23 -134
25 -137
26 -138
27 -137
27 -135
26 -131
25 -125
23 -118
20 -109
17 -100
14 -89
10 -78
6 -66
1 -53
-3 -40
-8 -28
-13 -15
-18 -3
-22 9
-27 21
-32 31
-36 40
-40 49
-44 56
-48 62
-51 66
-55 69
-58 71
-60 72
-63 71
-65 69
-67 66
-69 62
-71 57
-73 51
-74 44
-76 37
-77 30
-79 23
-80 16
-81 9
-82 3
-83 -3
-83 -8
-84 -12
-84 -15
-84 -16
-84 -17
-84 -16
-83 -14
-81 -11
-80 -6
-77 -1
-75 6
-72 14
-68 22
-64 31
-59 41
-54 51
-49 61
-43 71
-36 80
-29 89
-22 97
-15 104
-7 109
0 114
8 116
15 117
23 117
30 114
37 110
43 104
49 96
54 86
59 75
63 62
66 48
68 33
70 17
71 1
71 -16
70 -33
68 -49
66 -65
62 -80
58 -94
54 -106
48 -117
42 -126
36 -132
28 -137
21 -139
13 -139
5 -137
-3 -132
-12 -125
-20 -116
-28 -105
-36 -92
-44 -78
-52 -62
-59 -45
-66 -28
-72 -10
-79 8
-84 26
-89 43
-93 59
-97 73
-101 87
-103 98
-105 107
-107 114
-108 119
-108 121
-108 121
-107 118
-106 112
-104 105
-102 94
-100 82
-97 68
-95 53
-92 36
-88 18
-85 0
-82 -19
-79 -38
-76 -56
-74 -74
-71 -91
-69 -107
-68 -121
-67 -133
-67 -144
-67 -152
-68 -158
-69 -162
-71 -164
-74 -164
-78 -161
-82 -157
-88 -150
-93 -142
-100 -133
-107 -122
-114 -111
-122 -99
-130 -87
-138 -75
-146 -63
-155 -52
-163 -42
-171 -33
-178 -25
-185 -19
-191 -14
-196 -12
-200 -11
-204 -12
-206 -15
-207 -19
-207 -26
-205 -34
-203 -43
-199 -54
-193 -66
-187 -78
-179 -91
-170 -104
-160 -117
-150 -130
-139 -143
-127 -154
-115 -165
-103 -175
-91 -183
-80 -190
-68 -196
-58 -200
-48 -203
-39 -203
-31 -203
-25 -201
-20 -198
-16 -194
-14 -188
-13 -182
-14 -175
-16 -168
-20 -160
-25 -152
-31 -145
-39 -137
-47 -130
-55 -123
-64 -117
-74 -112
-83 -107
-92 -103
-100 -99
-108 -96
-114 -93
-119 -92
-123 -90
-125 -88
-125 -86
-123 -85
-118 -82
-112 -80
-104 -76
-93 -72
-81 -67
-66 -61
-50 -54
-32 -46
-12 -36
9 -25
30 -13
53 -1
76 13
98 28
121 44
143 59
164 75
184 91
202 106
219 121
233 135
245 148
255 160
263 169
267 177
269 183
268 187
265 188
259 186
250 182
239 176
226 167
211 156
195 142
177 127
158 109
138 90
118 69
97 48
77 25
57 3
38 -20
19 -43
2 -64
-13 -85
-28 -105
-40 -123
-51 -139
-60 -153
-67 -165
-72 -175
-76 -182
-78 -187
-78 -189
-77 -189
-75 -186
-71 -181
-67 -175
-62 -166
-57 -156
-52 -145
-46 -132
-41 -119
-37 -105
-32 -92
-29 -78
-26 -64
-24 -52
-24 -39
-24 -29
-25 -19
-27 -10
-30 -2
-34 4
-39 9
-44 13
-49 15
-55 17
-60 18
-66 17
-71 17
-76 16
-80 16
-84 15
-86 15
-88 16
-88 17
-87 19
-85 23
-82 28
-78 34
-73 41
-66 50
-59 61
-50 72
-42 85
-32 99
-23 113
-13 128
-3 144
6 159
15 175
23 189
31 203
37 216
42 228
47 238
50 245
51 251
51 255
50 255
48 254
44 249
39 242
33 232
26 219
18 204
10 186
1 166
-7 145
-16 121
-25 97
-33 71
-41 44
-47 17
-53 -9
-58 -36
-62 -62
-64 -87
-66 -110
-66 -132
-64 -152
-62 -170
-58 -185
-53 -199
-47 -210
-41 -218
-33 -224
-26 -227
-17 -227
-9 -226
-1 -222
7 -216
15 -209
22 -199
28 -189
33 -177
38 -165
41 -152
43 -138
44 -125
43 -111
42 -98
39 -85
35 -73
30 -62
25 -52
18 -43
11 -35
4 -29
-3 -23
-11 -18
-18 -15
-24 -13
-31 -11
-36 -11
-40 -11
-43 -12
-45 -13
-46 -15
-45 -17
-43 -19
-39 -21
-34 -23
-27 -25
-19 -27
-9 -29
1 -30
13 -31
26 -32
39 -33
53 -32
67 -32
82 -31
96 -30
110 -29
123 -28
136 -26
147 -24
158 -22
168 -20
176 -18
183 -16
188 -14
191 -12
193 -10
194 -8
192 -6
189 -3
185 -1
179 1
171 3
162 5
152 7
141 10
129 12
116 15
103 17
89 19
75 22
60 24
46 26
32 28
18 29
4 31
-10 31
-23 31
-35 31
-47 30
-57 29
-67 26
-76 23
-85 18
-92 13
-98 7
-103 0
-108 -8
-111 -16
-113 -26
-115 -36
-115 -46
-114 -57
-113 -68
-111 -80
-107 -91
-104 -102
-99 -112
-94 -122
-88 -131
-81 -138
-74 -145
-67 -150
-60 -154
-52 -157
-45 -157
-38 -156
-31 -153
-25 -149
-19 -143
-13 -135
-9 -126
-5 -115
-3 -103
-2 -90
-2 -77
-4 -62
-7 -48
-11 -33
-17 -19
-24 -6
-33 7
-44 19
-55 29
-68 38
-82 46
-96 51
-112 54
-127 56
-143 55
-159 52
-175 47
-190 40
-204 31
-216 21
-228 9
-237 -4
-244 -19
-250 -34
-252 -49
-252 -64
-249 -79
-244 -94
-235 -108
-223 -121
-208 -132
-190 -141
-170 -149
-147 -155
-121 -158
-94 -159
-65 -158
-34 -154
-2 -148
30 -139
63 -128
95 -116
127 -101
158 -85
188 -68
215 -49
240 -30
263 -10
282 10
298 29
311 49
321 67
326 84
328 100
326 115
320 128
311 139
298 148
282 155
264 160
242 163
219 163
194 162
168 159
141 155
113 149
85 142
59 133
33 124
8 114
-15 103
-35 93
-53 82
-69 72
-81 61
-90 52
-97 43
-99 35
-99 28
-96 22
-89 16
-80 12
-68 8
-54 6
-38 4
-21 3
-2 3
18 3
38 3
58 4
78 5
97 5
116 6
133 7
148 7
162 7
173 7
182 7
189 6
194 5
196 3
195 2
193 0
188 -2
181 -4
172 -5
162 -6
150 -7
137 -8
124 -8
110 -7
95 -5
81 -3
67 0
54 4
42 8
31 13
21 19
12 25
5 32
0 38
-4 45
-6 51
-7 58
-6 63
-3 68
0 72
5 75
11 77
18 77
26 76
34 73
41 69
50 64
57 57
65 48
72 38
78 27
83 15
88 2
91 -11
94 -25
95 -39
95 -52
94 -65
92 -76
89 -87
85 -96
80 -103
74 -108
68 -111
61 -112
53 -110
46 -106
38 -99
30 -90
23 -79
15 -65
8 -49
1 -32
-5 -13
-11 7
-17 28
-22 49
-26 70
-30 91
-34 110
-37 128
-40 145
-43 159
-45 170
-47 179
-49 185
-51 187
-54 186
-56 181
-58 173
-60 162
-63 146
-65 128
-68 107
-71 83
-74 57
-77 30
-80 1
-84 -29
-87 -60
-90 -90
-92 -120
-95 -148
-97 -175
-99 -199
-100 -221
-101 -240
-102 -256
-102 -269
-101 -277
-100 -282
-99 -283
-97 -279
-95 -272
-92 -262
-89 -248
-86 -231
-83 -210
-79 -188
-76 -163
-73 -137
-70 -110
-67 -83
-65 -55
-64 -28
-63 -2
-62 23
-63 47
-64 68
-65 86
-68 102
-72 115
-76 125
-81 132
-86 136
-93 137
-99 135
-107 130
-114 122
-123 113
-131 101
-139 88
-147 73
-156 58
-163 43
-171 27
-178 11
-185 -4
-191 -18
-197 -31
-202 -43
-206 -53
-210 -61
-213 -67
-214 -72
-216 -75
-216 -76
-215 -76
-214 -74
-212 -71
-209 -67
-206 -62
-202 -57
-197 -52
-191 -46
-185 -42
-179 -37
-172 -34
-165 -32
-157 -31
-149 -32
-140 -34
-132 -37
-123 -42
-114 -49
-104 -57
-95 -66
-85 -76
-76 -87
-66 -99
-57 -110
-48 -122
-40 -133
-31 -143
-23 -153
-16 -160
-9 -166
-3 -170
3 -172
7 -172
10 -169
13 -163
14 -155
14 -144
13 -130
10 -115
7 -97
2 -77
-5 -55
-12 -32
-21 -8
-30 16
-41 40
-52 64
-64 87
-77 109
-90 130
-103 148
-115 164
-128 178
-140 188
-151 195
-162 200
-171 200
-179 198
-185 192
-190 183
-193 171
-194 156
-193 139
-190 120
-185 99
-179 77
-170 54
-160 31
-148 7
-134 -15
-120 -37
-104 -58
-87 -76
-70 -93
-53 -107
-36 -119
-18 -127
-2 -133
14 -136
28 -136
42 -133
53 -127
63 -119
71 -108
78 -95
82 -81
84 -65
84 -48
82 -31
78 -13
73 4
65 21
57 36
47 50
37 63
25 74
14 82
2 88
-9 92
-20 93
-30 91
-39 88
-47 82
-53 74
-57 64
-60 53
-61 40
-59 26
-56 12
-51 -3
-44 -17
-35 -31
-25 -45
-14 -57
-1 -68
12 -77
26 -84
40 -90
54 -93
68 -94
81 -93
94 -90
105 -85
114 -78
122 -70
128 -60
131 -49
133 -37
132 -24
129 -11
124 1
117 13
108 25
97 35
84 44
70 52
54 58
38 61
21 63
3 63
-14 61
-31 57
-48 50
-63 42
-78 33
-91 22
-103 10
-113 -3
-122 -17
-128 -31
-133 -44
-136 -57
-136 -70
-135 -82
-133 -92
-128 -101
-123 -108
-116 -113
-108 -116
-100 -117
-91 -117
-82 -114
-73 -110
-65 -103
-57 -95
-49 -86
-43 -76
-37 -64
-33 -53
-30 -41
-28 -29
-27 -18
-28 -7
-30 3
-33 11
-37 18
-42 23
-48 26
-54 28
-60 27
-67 25
-73 20
-80 14
-85 6
-91 -3
-95 -14
-99 -25
-102 -37
-104 -50
-105 -62
-105 -74
-103 -85
-102 -95
-99 -103
-96 -110
-92 -114
-88 -116
-83 -116
-79 -113
-74 -108
-71 -100
-67 -89
-65 -76
-63 -60
-62 -42
-62 -22
-63 -1
-65 21
-68 45
-72 68
-78 92
-84 115
-90 137
-97 157
-105 176
-112 192
-119 206
-126 217
-132 225
-138 229
-142 230
-144 227
-145 220
-145 210
-142 196
-137 179
-130 158
-122 135
-110 109
-98 82
-83 52
-66 21
-48 -10
-28 -42
-7 -74
14 -105
35 -135
57 -163
79 -190
99 -213
119 -235
137 -253
154 -269
169 -281
182 -290
193 -295
201 -298
206 -297
209 -292
209 -285
206 -275
201 -263
194 -249
185 -232
174 -215
161 -196
147 -177
132 -157
117 -137
102 -117
86 -98
72 -80
58 -63
45 -47
34 -32
24 -19
16 -7
10 3
6 11
5 18
5 24
7 28
10 32
16 34
22 36
29 37
37 38
45 38
53 39
61 40
68 41
73 42
77 45
79 48
79 51
76 55
70 60
63 65
52 70
38 76
22 82
3 88
-18 94
-41 100
-66 104
-92 108
-119 111
-147 113
-174 113
-201 111
-226 108
-250 104
-272 97
-291 88
-307 78
-320 65
-328 51
-333 36
-334 19
-330 0
-322 -19
-310 -39
-294 -60
-274 -81
-251 -102
-224 -122
-195 -143
-164 -162
-131 -180
-97 -197
-63 -212
-29 -225
4 -237
36 -246
65 -254
91 -259
114 -262
134 -263
150 -263
161 -260
167 -256
169 -250
167 -243
159 -235
148 -226
132 -216
112 -206
88 -196
62 -187
33 -178
3 -169
-29 -161
-62 -155
-94 -149
-125 -145
-155 -142
-183 -140
-208 -140
-231 -141
-249 -143
-264 -146
-274 -150
-280 -155
-281 -160
-278 -166
-270 -172
-258 -177
-241 -183
-221 -187
-197 -191
-170 -194
-141 -195
-110 -195
-78 -194
-46 -191
-13 -186
19 -180
49 -172
78 -162
104 -150
127 -137
147 -123
164 -107
176 -91
185 -73
189 -55
189 -37
185 -19
177 -1
165 17
150 33
132 49
112 64
89 77
66 89
41 99
16 108
-9 114
-33 119
-56 122
-76 123
-95 122
-111 120
-123 116
-133 110
-139 103
-141 96
-140 87
-136 77
-128 67
-117 57
-103 46
-87 36
-68 26
-47 16
-26 7
-4 -2
19 -10
41 -17
63 -23
83 -28
101 -32
118 -36
131 -38
142 -40
150 -41
155 -42
156 -42
154 -41
149 -41
140 -40
129 -39
114 -38
98 -37
79 -36
58 -35
37 -35
14 -35
-9 -36
-32 -36
-54 -37
-75 -38
-94 -40
-112 -41
-127 -43
-140 -45
-150 -46
-157 -48
-160 -49
-161 -50
-159 -50
-153 -50
-145 -49
-134 -48
-120 -46
-104 -44
-87 -41
-68 -37
-48 -33
-28 -28
-7 -23
13 -17
32 -12
51 -6
67 0
82 5
95 11
105 16
113 20
118 24
120 27
120 29
116 30
110 30
102 29
91 27
78 25
63 21
47 16
30 11
12 5
-7 -2
-25 -9
-43 -16
-60 -24
-75 -31
-90 -38
-102 -45
-113 -51
-121 -57
-127 -61
-131 -65
-132 -67
-130 -68
-126 -68
-119 -66
-111 -64
-100 -59
-87 -54
-73 -47
-58 -39
-41 -30
-24 -21
-6 -10
11 1
28 12
45 23
60 34
74 45
87 55
98 64
106 72
113 80
118 86
120 91
120 94
118 95
114 95
107 94
98 91
88 86
76 80
63 72
48 64
33 54
17 44
1 33
-16 21
-32 10
-48 -2
-64 -13
-78 -23
-92 -33
-104 -42
-115 -50
-124 -56
-133 -62
-139 -65
-145 -67
-149 -68
-151 -67
-152 -64
-152 -59
-150 -54
-148 -47
-145 -39
-142 -30
-138 -20
-134 -9
-130 2
-126 12
-122 23
-119 34
-117 43
-115 52
-115 60
-115 67
-116 72
-118 76
-122 78
-126 78
-132 77
-138 74
-146 69
-154 63
-162 55
-172 46
-181 35
-191 24
-200 11
-209 -2
-218 -16
-226 -30
-234 -44
-240 -58
-245 -71
-249 -83
-251 -95
-252 -105
-252 -114
-249 -122
-245 -128
-240 -133
-232 -135
-223 -136
-213 -135
-201 -132
-187 -128
-173 -121
-157 -114
-140 -104
-123 -94
-105 -82
-87 -69
-69 -56
-51 -42
-33 -28
-16 -14
1 0
16 13
30 26
43 38
55 49
65 59
73 68
80 75
85 80
88 84
89 87
89 88
87 87
83 85
78 82
72 77
65 70
56 63
47 54
37 45
27 35
16 24
5 14
-5 3
-15 -8
-24 -18
-33 -29
-42 -38
-49 -47
-55 -54
-60 -61
-64 -67
-67 -71
-68 -74
-68 -76
-68 -76
-66 -75
-63 -72
-60 -69
-56 -64
-51 -57
-46 -50
-40 -41
-35 -32
-29 -22
-24 -12
-19 -1
-15 10
-11 21
-9 32
-6 43
-5 53
-5 62
-6 71
-7 79
-10 85
-13 91
-17 95
-22 98
-28 99
-34 99
-40 97
-46 94
-52 89
-58 83
-64 76
-69 67
-73 57
-77 45
-79 33
-81 20
-81 7
-79 -8
-77 -22
-73 -37
-67 -52
-61 -67
-53 -81
-43 -95
-33 -108
-22 -121
-10 -132
3 -143
16 -152
30 -160
44 -167
57 -172
71 -176
84 -179
96 -180
108 -180
118 -179
128 -176
137 -172
144 -166
150 -160
155 -153
159 -145
162 -136
163 -126
164 -116
164 -105
163 -94
161 -82
159 -71
156 -59
154 -47
151 -36
149 -24
146 -12
144 -1
143 11
142 22
142 33
142 44
143 54
145 65
147 75
149 85
152 95
156 105
159 115
162 124
165 134
167 143
169 151
170 160
170 168
168 176
165 182
161 189
155 194
147 199
137 202
126 204
113 206
98 205
81 204
63 200
43 196
23 189
1 181
-21 171
-43 159
-66 146
-88 131
-110 115
-131 97
-150 78
-168 58
-185 37
-199 16
-211 -6
-220 -27
-227 -49
-231 -70
-232 -90
-230 -109
-225 -127
-218 -144
-209 -158
-197 -170
-182 -180
-166 -188
-148 -193
-130 -196
-110 -195
-89 -192
-69 -187
-48 -179
-29 -168
-10 -155
8 -141
24 -124
38 -106
50 -87
60 -67
67 -47
72 -26
75 -6
75 14
72 33
67 50
60 65
51 79
41 90
28 99
15 106
1 110
-14 111
-28 109
-43 105
-57 99
-70 89
-82 78
-92 65
-100 50
-107 34
-111 17
-114 -1
-114 -18
-111 -36
-106 -52
-100 -68
-91 -82
-80 -95
-67 -105
-53 -114
-37 -119
-21 -122
-4 -123
13 -120
30 -115
46 -107
62 -97
77 -84
91 -69
103 -52
113 -34
122 -14
128 6
132 26
134 46
134 66
132 84
128 101
122 116
114 130
104 140
93 148
81 153
68 155
55 154
41 150
27 142
14 132
1 119
-11 103
-23 85
-33 66
-41 44
-49 22
-55 -1
-59 -24
-62 -46
-64 -68
-64 -88
-62 -107
-60 -123
-57 -137
-52 -148
-47 -156
-42 -160
-37 -161
-31 -158
-26 -152
-21 -143
-16 -130
-12 -114
-9 -95
-7 -74
-6 -51
-6 -26
-8 -1
-10 26
-13 52
-17 78
-22 103
-27 127
-33 149
-38 168
-45 185
-50 198
-56 208
-60 214
-64 217
-67 216
-68 211
-68 203
-67 191
-64 175
-59 157
-52 136
-44 112
-34 87
-23 60
-10 33
5 5
20 -22
37 -49
54 -74
72 -98
90 -120
108 -140
125 -156
143 -170
159 -180
174 -187
188 -191
200 -191
211 -188
219 -182
226 -172
231 -160
233 -146
234 -130
232 -112
228 -92
222 -72
215 -52
206 -32
196 -13
184 6
171 23
158 38
144 51
130 62
116 70
103 76
90 79
77 79
66 76
55 71
46 63
38 53
32 40
27 26
24 11
22 -5
21 -23
22 -40
24 -58
27 -75
32 -92
36 -108
42 -122
48 -135
55 -147
61 -156
68 -164
74 -170
80 -174
86 -175
91 -175
95 -174
99 -171
101 -166
103 -161
104 -155
105 -148
104 -141
103 -134
101 -128
99 -122
97 -117
94 -113
91 -110
88 -108
85 -107
82 -108
80 -110
78 -113
77 -118
76 -123
76 -129
77 -136
78 -143
80 -150
82 -156
86 -163
89 -168
93 -172
97 -175
102 -176
106 -175
110 -172
114 -167
118 -159
121 -149
124 -137
125 -123
126 -107
126 -88
125 -68
123 -47
119 -24
115 -1
109 23
102 46
94 69
86 91
76 112
65 131
54 148
42 162
30 174
18 182
6 187
-6 189
-18 187
-29 181
-39 172
-49 159
-58 142
-66 123
-72 100
-77 75
-81 48
-84 18
-85 -12
-85 -44
-83 -76
-80 -108
-76 -140
-70 -170
-63 -199
-56 -226
-47 -251
-37 -273
-27 -292
-15 -308
-4 -321
8 -330
20 -335
33 -337
45 -335
58 -329
70 -321
82 -309
93 -294
104 -277
114 -258
124 -237
134 -214
142 -191
150 -167
158 -142
164 -118
170 -94
175 -71
179 -49
183 -29
186 -10
188 7
190 22
190 35
191 46
190 54
189 61
187 66
184 69
181 70
178 70
174 68
169 66
164 62
158 58
152 54
146 49
139 44
133 40
126 36
119 33
112 30
105 28
99 27
93 27
87 28
82 30
77 33
74 36
71 40
68 45
67 51
67 57
68 63
71 69
74 76
79 82
84 88
91 93
98 98
107 103
116 107
127 110
138 112
149 114
160 114
172 114
183 114
195 112
205 110
215 108
225 105
233 101
239 97
245 93
249 88
251 84
251 79
250 74
246 69
241 64
233 59
224 54
213 49
199 43
185 38
168 33
151 27
132 21
112 15
91 8
69 1
48 -7
26 -15
5 -23
-16 -32
-37 -41
-56 -50
-75 -60
-91 -70
-107 -80
-121 -90
-133 -100
-143 -109
-151 -118
-157 -127
-161 -135
-163 -142
-163 -148
-161 -153
-157 -157
-151 -159
-144 -160
-136 -160
-126 -158
-115 -154
-104 -149
-92 -142
-79 -133
-66 -123
-53 -112
-40 -99
-27 -86
-15 -72
-4 -57
7 -41
17 -25
26 -10
34 6
41 21
46 35
51 49
55 61
58 73
60 83
61 91
62 98
62 103
61 107
60 110
59 110
58 109
56 107
55 104
54 99
53 94
53 88
53 81
53 74
54 66
55 59
57 52
59 46
62 40
65 35
69 31
73 28
77 25
81 24
85 24
89 25
93 27
96 30
99 34
102 38
104 42
105 47
105 52
105 57
104 62
102 66
99 69
95 71
90 73
85 73
79 71
72 69
64 64
56 58
47 51
38 42
29 31
20 19
10 6
1 -8
-8 -23
-17 -39
-26 -55
-34 -72
-41 -88
-48 -105
-53 -121
-59 -136
-63 -150
-67 -164
-69 -175
-71 -186
-72 -194
-72 -201
-72 -206
-70 -210
-68 -211
-65 -210
-62 -208
-58 -203
-54 -198
-49 -190
-44 -181
-39 -171
-34 -160
-28 -149
-23 -137
-17 -124
-12 -111
-6 -98
-1 -86
4 -74
9 -62
13 -51
18 -41
22 -32
26 -23
30 -16
34 -10
37 -4
40 0
43 4
46 7
49 9
52 11
55 12
57 13
60 13
63 14
65 14
68 15
70 16
72 17
75 18
77 19
79 21
81 23
82 26
84 29
85 32
86 35
87 38
87 41
87 44
86 47
86 49
84 51
83 52
81 52
79 51
76 50
73 48
69 44
65 40
61 35
57 28
52 21
48 13
43 4
38 -5
33 -15
28 -26
23 -36
18 -47
13 -57
9 -67
5 -77
1 -85
-3 -94
-6 -101
-9 -107
-11 -111
-13 -115
-14 -117
-14 -118
-15 -117
-14 -115
-13 -111
-12 -107
-10 -100
-8 -93
-5 -85
-2 -76
2 -66
6 -56
11 -45
16 -35
21 -24
27 -13
32 -2
39 8
45 17
51 26
58 35
65 42
71 48
78 54
85 59
91 62
98 65
104 68
110 69
116 70
121 70
126 70
131 69
135 68
139 67
142 66
145 65
146 64
148 63
148 63
148 63
147 63
145 63
142 64
139 65
135 66
130 67
125 68
119 69
112 70
105 71
97 71
89 71
81 70
72 69
64 67
55 64
47 60
39 55
31 49
24 42
17 35
11 27
6 17
1 8
-2 -2
-4 -13
-6 -24
-6 -35
-5 -46
-3 -56
0 -66
4 -75
9 -84
15 -91
22 -97
30 -102
38 -106
47 -107
56 -108
65 -106
75 -103
84 -98
94 -92
103 -85
111 -76
119 -65
126 -54
132 -42
138 -29
142 -16
146 -2
148 11
149 24
149 37
148 48
145 59
142 69
138 77
133 84
127 89
121 92
114 93
107 93
100 91
92 87
85 81
78 74
72 65
66 55
60 44
56 31
52 19
49 5
47 -8
47 -22
47 -35
48 -48
50 -60
53 -71
57 -81
62 -89
67 -96
73 -101
79 -105
85 -107
91 -106
96 -105
102 -101
107 -95
111 -88
114 -79
117 -69
118 -58
118 -45
117 -32
114 -18
111 -4
105 11
98 26
90 40
81 54
70 68
59 81
46 93
32 103
18 113
3 121
-12 129
-28 134
-43 138
-58 141
-73 142
-87 142
-101 141
-113 138
-125 134
-135 129
-145 123
-153 116
-159 108
-164 100
-168 91
-171 82
-171 72
-171 63
-169 53
-166 44
-162 34
-157 25
-151 16
-144 8
-137 -1
-129 -8
-121 -15
-113 -21
-104 -27
-95 -32
-87 -37
-79 -41
-71 -44
-63 -47
-56 -49
-49 -50
-43 -51
-38 -51
-33 -51
-28 -50
-24 -49
-21 -47
-18 -44
-16 -41
-14 -38
-13 -34
-12 -30
-11 -25
-10 -20
-10 -15
-10 -10
-10 -4
-11 1
-11 7
-12 12
-13 18
-14 23
-15 28
-17 33
-18 37
-20 41
-22 44
-24 47
-26 49
-29 51
-31 52
-34 52
-37 51
-39 50
-42 48
-45 45
-47 42
-50 38
-52 33
-53 28
-55 23
-55 17
-55 11
-55 6
-53 0
-51 -6
-48 -11
-44 -16
-39 -21
-33 -24
-26 -27
-17 -29
-8 -31
2 -31
12 -30
24 -29
36 -26
48 -22
61 -18
74 -12
86 -5
99 2
111 10
122 19
133 27
142 37
150 46
156 55
161 64
164 73
166 81
165 89
162 95
156 101
149 105
140 108
128 110
115 111
99 110
82 107
64 103
44 97
23 90
1 81
-21 71
-44 60
-66 47
-88 33
-110 19
-131 3
-151 -13
-169 -29
-186 -46
-201 -63
-215 -79
-226 -96
-235 -112
-242 -127
-246 -141
-248 -155
-248 -168
-246 -179
-242 -189
-236 -198
-228 -205
-219 -211
-209 -215
-197 -217
-185 -219
-172 -218
-159 -216
-145 -212
-132 -207
-119 -201
-106 -193
-95 -183
-84 -173
-74 -162
-65 -149
-58 -136
-52 -122
-47 -107
-43 -91
-40 -75
-39 -58
-39 -41
-39 -25
-40 -7
-42 10
-45 27
-48 44
-51 60
-54 76
-56 92
-59 107
-61 122
-62 135
-63 148
-63 160
-63 172
-61 182
-59 191
-56 198
-52 205
-48 211
-43 215
-37 218
-31 219
-25 220
-19 219
-12 217
-6 213
0 208
6 203
11 196
15 188
19 180
22 171
25 161
26 150
27 140
27 129
26 118
24 107
22 97
19 87
16 77
12 68
9 60
5 53
2 47
-2 42
-4 38
-7 35
-8 34
-9 33
-9 34
-8 36
-7 40
-4 44
0 49
4 55
9 62
15 70
22 78
29 86
36 94
43 103
51 111
58 118
65 126
71 132
76 138
81 142
85 146
87 148
88 150
88 149
87 148
84 145
80 141
74 135
67 128
59 120
50 111
40 101
29 90
18 78
6 66
-5 53
-17 40
-28 27
-38 14
-48 1
-56 -11
-63 -23
-69 -34
-73 -44
-76 -53
-76 -62
-74 -69
-71 -75
-66 -80
-58 -83
-49 -86
-38 -87
-26 -87
-12 -86
3 -84
19 -81
36 -78
53 -73
70 -68
87 -63
104 -57
120 -51
135 -45
149 -38
162 -32
172 -27
181 -21
189 -16
193 -12
196 -8
197 -4
195 -2
191 0
185 1
177 2
167 2
155 1
141 0
127 -2
110 -5
93 -8
75 -11
56 -15
37 -19
19 -23
0 -27
-18 -31
-36 -35
-53 -40
-69 -44
-84 -47
-97 -51
-109 -54
-120 -57
-129 -60
-136 -63
-142 -65
-147 -66
-150 -68
-151 -69
-151 -69
-150 -69
-148 -69
-145 -69
-141 -68
-136 -67
-130 -65
-123 -64
-117 -61
-109 -59
-102 -56
-94 -53
-87 -50
-79 -46
-72 -42
-64 -37
-57 -33
-50 -27
-44 -22
-37 -16
-32 -11
-26 -4
-21 2
-17 9
-13 15
-9 22
-6 29
-4 36
-2 42
-1 49
-1 55
-1 61
-2 66
-4 71
-6 75
-9 79
-13 81
-19 83
-24 84
-31 84
-39 82
-48 80
-57 76
-67 71
-78 65
-90 58
-102 50
-115 41
-128 31
-141 21
-155 9
-168 -3
-181 -15
-194 -28
-206 -41
-217 -54
-228 -67
-237 -79
-245 -91
-252 -102
-257 -112
-261 -122
-262 -130
-262 -136
-260 -142
-256 -145
-250 -148
-242 -148
-233 -148
-221 -145
-208 -141
-193 -136
-177 -130
-160 -122
-141 -113
-122 -103
-102 -93
-81 -82
-61 -71
-40 -59
-20 -48
-1 -37
18 -26
36 -16
53 -8
68 0
82 7
94 12
104 16
113 19
120 19
125 19
128 16
130 13
129 8
127 1
123 -6
118 -15
112 -24
104 -33
96 -43
86 -53
76 -63
66 -73
55 -81
43 -89
32 -96
21 -101
11 -104
0 -106
-10 -106
-19 -104
-28 -101
-36 -95
-43 -87
-49 -77
-55 -65
-60 -52
-65 -37
-68 -20
-71 -3
-74 16
-76 35
-77 54
-78 73
-79 92
-79 110
-79 128
-78 144
-77 158
-76 170
-75 181
-73 189
-71 194
-69 197
-66 198
-63 195
-59 190
-55 183
-51 172
-46 160
-40 145
-34 128
-27 110
-20 90
-13 69
-5 47
4 25
13 3
22 -19
31 -40
41 -60
50 -78
60 -95
69 -110
78 -122
86 -132
93 -140
100 -145
106 -147
111 -146
115 -143
117 -137
118 -129
118 -118
117 -105
114 -90
110 -74
104 -56
98 -38
90 -19
81 1
71 20
61 38
50 56
38 73
26 89
15 103
4 115
-7 125
-17 133
-27 139
-35 142
-42 144
-48 143
-52 141
-55 136
-56 130
-56 123
-53 114
-50 105
-44 95
-38 84
-30 74
-21 64
-10 55
0 47
12 40
23 34
35 30
46 28
57 28
67 30
76 34
84 40
90 48
95 57
98 69
99 82
98 96
95 111
91 126
84 143
75 159
65 174
53 190
40 204
26 217
10 228
-6 237
-22 244
-38 249
-54 252
-69 251
-84 249
-97 243
-109 235
-119 224
-127 211
-132 195
-136 177
-136 158
-134 137
-129 115
-122 92
-112 69
-100 45
-85 22
-67 -1
-48 -22
-27 -43
-5 -61
19 -78
44 -93
69 -105
94 -115
119 -122
144 -127
167 -129
190 -128
211 -125
230 -120
247 -112
262 -102
274 -90
284 -77
291 -63
296 -48
297 -32
296 -16
293 0
286 15
278 29
267 43
254 55
239 66
223 75
206 82
188 88
169 91
150 92
131 91
112 89
93 84
76 77
59 69
43 60
29 49
15 38
4 25
-6 13
-15 0
-22 -13
-28 -26
-32 -38
-35 -49
-36 -59
-37 -67
-37 -75
-35 -80
-34 -85
-31 -87
-29 -88
-26 -87
-24 -84
-21 -80
-19 -74
-18 -66
-17 -58
-16 -47
-16 -36
-17 -24
-18 -11
-21 3
-23 17
-26 31
-30 46
-34 60
-38 74
-42 88
-46 101
-50 114
-54 127
-57 138
-59 149
-61 159
-62 168
-63 176
-62 183
-60 190
-57 195
-54 200
-49 203
-44 206
-37 208
-30 209
-23 209
-14 208
-6 206
3 203
11 199
20 194
28 188
36 181
43 173
49 164
55 153
59 141
62 129
64 115
64 99
64 83
61 66
58 48
53 29
46 9
39 -12
30 -33
21 -53
11 -75
0 -95
-12 -116
-24 -136
-36 -155
-47 -173
-59 -189
-70 -204
-81 -218
-91 -229
-100 -238
-108 -245
-115 -249
-121 -251
-125 -250
-128 -246
-130 -240
-131 -232
-130 -221
-128 -207
-124 -192
-120 -175
-115 -156
-109 -135
-102 -114
-95 -91
-87 -68
-79 -46
-72 -23
-64 -1
-57 21
-50 41
-43 59
-37 76
-33 91
-29 104
-26 114
-24 122
-23 127
-23 130
-24 130
-27 128
-30 123
-34 116
-40 107
-45 97
-52 84
-59 71
-67 56
-75 41
-83 25
-91 10
-100 -6
-107 -20
-115 -34
-122 -46
-129 -58
-134 -67
-140 -75
-144 -81
-147 -85
-149 -86
-151 -86
-151 -84
-151 -79
-149 -73
-147 -65
-143 -56
-139 -45
-134 -33
-128 -21
-121 -7
-114 6
-106 20
-98 34
-89 47
-81 59
-72 70
-63 81
-54 90
-46 97
-37 103
-29 108
-22 111
-14 113
-8 113
-2 111
3 108
8 104
11 99
14 93
16 86
17 79
18 71
17 63
15 55
13 48
9 40
5 34
0 28
-6 22
-12 18
-19 15
-27 12
-35 10
-43 10
-52 10
-61 11
-70 12
-79 14
-87 17
-95 20
-103 22
-110 25
-117 28
-122 31
-127 33
-130 34
-133 35
-134 36
-133 35
-132 34
-128 31
-123 28
-117 24
-109 20
-100 14
-90 8
-77 2
-64 -5
-50 -12
-34 -19
-18 -26
-1 -33
16 -40
34 -46
52 -52
70 -57
88 -61
105 -64
122 -67
137 -68
152 -69
165 -69
177 -68
188 -66
196 -64
204 -61
209 -58
213 -54
214 -50
214 -46
213 -43
209 -39
204 -36
197 -33
190 -31
181 -29
171 -28
160 -28
149 -28
137 -29
125 -31
114 -33
102 -35
91 -38
81 -40
71 -43
62 -45
55 -46
48 -47
43 -47
39 -46
36 -44
35 -41
35 -35
36 -29
38 -20
41 -10
45 2
49 16
54 32
60 49
66 68
72 89
77 110
83 133
88 155
92 179
96 202
99 226
101 248
102 270
102 290
101 309
99 327
97 342
93 354
88 365
83 372
77 377
71 379
65 378
58 374
51 368
45 359
39 347
33 334
28 318
24 301
20 282
17 262
16 242
15 221
15 201
16 181
18 162
20 144
24 127
28 113
32 100
36 89
41 81
45 76
49 73
53 72
56 74
58 78
59 85
60 93
58 104
56 116
52 129
47 143
40 158
33 173
24 187
13 202
2 215
-10 227
-23 237
-36 246
-50 252
-63 256
-77 258
-89 257
-101 254
-112 248
-122 239
-130 228
-136 214
-140 199
-143 181
-143 162
-141 142
-137 120
-131 98
-122 75
-112 53
-99 31
-85 9
-69 -11
-52 -30
-34 -47
-16 -62
4 -75
23 -86
42 -94
60 -100
78 -103
94 -104
109 -101
122 -97
133 -90
142 -81
149 -70
153 -58
155 -44
154 -29
151 -14
145 2
137 19
127 35
115 50
102 65
87 78
71 91
54 102
37 111
19 118
2 124
-15 127
-31 129
-46 128
-60 126
-72 121
-82 115
-90 108
-96 98
-100 88
-102 76
-101 64
-98 52
-93 38
-87 25
-78 12
-68 -1
-57 -13
-45 -25
-32 -35
-18 -45
-4 -54
9 -61
22 -67
34 -73
45 -77
55 -80
63 -81
70 -83
74 -83
77 -82
78 -81
77 -80
73 -78
68 -77
60 -76
51 -75
40 -74
28 -75
15 -75
0 -77
-15 -80
-31 -84
-47 -89
-63 -94
-79 -101
-94 -109
-108 -117
-122 -126
-134 -136
-145 -147
-154 -157
-161 -168
-167 -179
-171 -189
-174 -199
-174 -208
-173 -216
-171 -223
-167 -229
-161 -233
-155 -236
-147 -237
-139 -236
-130 -234
-121 -229
-111 -223
-101 -215
-92 -205
-83 -193
-74 -180
-66 -165
-58 -150
-51 -133
-45 -115
-40 -97
-35 -79
-32 -60
-29 -42
-27 -25
-25 -8
-24 7
-23 21
-23 34
-23 44
-23 53
-23 59
-23 63
-22 65
-21 64
-20 60
-18 55
-15 46
-12 35
-8 22
-3 7
2 -10
8 -29
15 -49
22 -70
30 -93
37 -115
45 -138
53 -161
61 -183
69 -205
77 -226
84 -245
90 -262
96 -278
101 -291
105 -302
109 -310
111 -316
112 -319
112 -319
111 -316
109 -310
106 -302
101 -291
96 -277
90 -261
83 -243
75 -223
66 -201
57 -179
47 -154
36 -130
25 -105
14 -80
3 -55
-9 -30
-21 -7
-32 16
-44 37
-56 56
-68 74
-79 89
-91 103
-102 114
-113 123
-124 130
-134 135
-145 138
-155 138
-165 136
-175 133
-184 129
-193 122
-202 115
-210 106
-217 97
-224 88
-231 78
-237 68
-242 58
-246 49
-249 40
-251 32
-252 25
-252 18
-250 13
-247 9
-243 6
-237 4
-230 3
-221 3
-211 4
-199 5
-186 8
-171 10
-156 13
-139 15
-121 18
-103 21
-83 23
-63 24
-44 24
-23 24
-3 23
17 20
36 17
55 12
72 6
89 -1
104 -9
118 -17
130 -27
141 -37
149 -48
156 -59
160 -70
163 -81
163 -91
162 -101
159 -110
153 -118
146 -125
137 -131
127 -135
115 -137
101 -138
87 -138
72 -135
56 -131
40 -125
23 -118
6 -109
-11 -100
-27 -89
-44 -77
-59 -65
-74 -53
-89 -41
-102 -29
-114 -17
-126 -6
-136 3
-145 12
-153 18
-160 23
-165 27
-170 28
-173 27
-175 24
-176 20
-176 13
-175 4
-173 -6
-170 -18
-167 -32
-162 -46
-157 -61
-152 -77
-145 -93
-139 -108
-131 -124
-124 -138
-116 -152
-107 -164
-99 -175
-90 -184
-81 -191
-72 -195
-62 -198
-53 -198
-44 -195
-35 -191
-26 -184
-17 -175
-8 -165
0 -152
8 -138
15 -124
22 -108
28 -92
34 -76
38 -60
42 -45
46 -30
48 -18
50 -7
50 3
50 10
49 15
48 17
46 16
43 13
40 8
36 -1
32 -11
28 -24
24 -39
19 -55
16 -73
12 -92
9 -111
7 -131
6 -151
5 -170
6 -187
8 -204
10 -218
14 -231
20 -240
26 -247
34 -251
43 -252
53 -249
63 -243
75 -234
87 -221
100 -205
112 -186
125 -165
137 -141
149 -114
160 -87
170 -57
179 -27
186 3
192 33
195 63
197 92
196 119
193 145
188 168
180 189
170 207
157 221
142 233
125 241
106 246
85 248
62 246
39 241
14 233
-12 222
-37 209
-63 194
-89 177
-113 159
-137 140
-159 120
-179 100
-197 80
-213 61
-226 43
-237 27
-244 12
-248 -1
-249 -12
-247 -20
-241 -26
-233 -30
-222 -31
-207 -30
-191 -26
-171 -20
-150 -12
-128 -2
-103 9
-78 21
-52 34
-26 48
-1 62
25 75
49 88
72 101
93 112
112 121
129 129
144 136
155 140
164 142
170 141
173 139
173 134
170 127
164 119
156 108
144 95
131 81
115 66
97 49
78 32
57 15
36 -2
14 -20
-8 -37
-31 -53
-52 -68
-73 -82
-93 -94
-112 -105
-129 -114
-145 -121
-159 -126
-170 -129
-180 -131
-187 -130
-192 -127
-194 -123
-195 -116
-193 -109
-190 -100
-184 -90
-177 -78
-169 -67
-159 -54
-148 -41
-136 -28
-124 -15
-112 -3
-99 10
-87 21
-75 33
-63 43
-53 53
-43 62
-35 70
-28 77
-22 83
-18 89
-16 94
-15 98
-15 101
-17 104
-20 106
-24 108
-30 110
-36 111
-44 112
-52 113
-61 114
-70 115
-79 116
-88 117
-97 118
-105 119
-113 120
-120 121
-125 122
-130 123
-134 124
-136 124
-137 124
-136 124
-134 124
-130 123
-124 122
-118 121
-110 119
-100 116
-90 114
-78 110
-66 107
-52 103
-39 100
-25 96
-11 92
3 88
17 85
30 82
43 79
54 77
64 75
74 74
81 74
87 75
92 76
94 78
95 81
94 85
91 90
87 95
80 101
72 107
62 113
51 120
39 127
25 133
10 139
-5 144
-21 149
-37 153
-53 155
-69 157
-85 157
-100 156
-114 152
-126 148
-138 142
-148 134
-157 124
-164 113
-169 100
-172 86
-173 70
-173 54
-171 37
-167 19
-161 0
-154 -18
-145 -37
-135 -55
-124 -73
-113 -90
-100 -106
-88 -121
-75 -134
-62 -146
-50 -156
-38 -165
-27 -171
-17 -176
-8 -178
0 -179
6 -178
11 -175
14 -170
16 -164
16 -157
15 -148
12 -139
8 -129
3 -119
-3 -109
-11 -98
-18 -88
-26 -79
-35 -70
-43 -62
-51 -55
-59 -50
-65 -46
-71 -43
-76 -41
-79 -41
-81 -42
-82 -44
-81 -48
-78 -52
-74 -57
-68 -63
-60 -70
-51 -76
-40 -83
-29 -90
-16 -96
-3 -102
11 -106
26 -110
40 -113
54 -114
68 -115
80 -113
92 -110
102 -106
111 -100
119 -92
124 -84
128 -74
129 -63
128 -51
125 -39
120 -26
113 -13
104 0
93 13
80 25
66 37
51 47
34 55
17 63
-1 68
-19 72
-36 73
-54 73
-71 70
-86 65
-101 58
-114 49
-126 38
-136 25
-144 10
-150 -7
-153 -24
-155 -43
-154 -63
-152 -83
-147 -103
-141 -124
-133 -143
-123 -163
-112 -181
-100 -198
-87 -214
-73 -228
-59 -240
-44 -250
-30 -258
-16 -264
-3 -267
10 -268
22 -267
32 -264
42 -258
50 -251
56 -241
61 -230
65 -217
67 -203
68 -188
67 -172
65 -156
61 -139
57 -122
51 -105
45 -88
38 -72
30 -57
22 -43
13 -30
5 -18
-4 -8
-13 2
-21 9
-29 16
-37 20
-45 24
-52 26
-59 26
-66 26
-72 24
-77 21
-83 18
-88 14
-93 9
-98 4
-102 -1
-106 -7
-111 -12
-115 -17
-119 -22
-123 -27
-128 -31
-132 -35
-135 -38
-139 -40
-143 -42
-146 -43
-148 -43
-151 -43
-152 -42
-153 -41
-153 -39
-153 -37
-151 -34
-148 -31
-144 -28
-139 -25
-133 -22
-126 -19
-117 -16
-107 -14
-96 -11
-84 -9
-72 -7
-58 -5
-44 -4
-30 -3
-15 -2
0 -1
14 -1
28 -1
42 -1
54 -1
66 -1
76 -1
85 0
92 0
98 1
101 2
103 3
103 5
101 7
97 10
91 13
83 16
74 21
64 25
52 30
39 36
26 42
12 48
-2 54
-16 61
-29 67
-42 74
-53 81
-64 88
-72 94
-80 100
-85 106
-88 111
-89 116
-88 121
-85 125
-80 128
-72 131
-63 133
-52 134
-39 135
-25 136
-10 135
6 135
22 133
38 132
54 130
70 128
84 125
98 123
109 120
119 118
127 116
133 114
136 112
137 110
135 109
130 109
123 109
113 109
101 110
86 111
70 113
51 116
31 118
10 122
-11 125
-34 129
-56 134
-78 138
-100 142
-120 147
-139 151
-156 155
-170 159
-183 163
-193 166
-200 169
-204 171
-205 172
-203 173
-198 173
-190 172
-179 171
-166 169
-149 166
-131 162
-111 158
-88 153
-65 148
-41 142
-15 136
10 130
35 124
60 117
84 110
107 104
129 98
148 92
166 86
181 81
194 77
205 73
213 70
218 67
220 65
220 64
217 64
212 64
205 65
195 67
183 69
170 71
154 74
138 77
121 80
103 84
84 86
65 89
46 91
27 93
8 94
-10 94
-27 93
-44 92
-59 89
-73 85
-87 80
-98 73
-109 65
-118 56
-126 45
-133 34
-138 21
-143 7
-146 -8
-147 -24
-148 -41
-148 -58
-147 -75
-144 -93
-142 -111
-138 -129
-134 -146
-129 -163
-123 -179
-117 -194
-110 -208
-103 -221
-95 -233
-87 -243
-78 -251
-69 -258
-60 -262
-50 -265
-40 -266
-30 -265
-20 -262
-9 -257
2 -250
12 -241
23 -230
34 -218
45 -205
55 -190
66 -174
75 -157
85 -140
94 -122
102 -104
110 -85
117 -67
123 -49
129 -31
133 -14
137 2
140 17
143 31
144 43
144 55
144 64
144 72
142 79
140 84
138 87
135 89
132 89
129 88
127 85
124 81
121 76
119 70
117 63
115 55
114 47
113 38
113 30
113 21
114 13
115 5
116 -3
118 -9
120 -15
122 -20
125 -23
127 -25
128 -26
130 -26
131 -24
131 -20
130 -15
129 -8
126 0
122 9
118 20
112 31
104 44
96 58
86 72
75 87
63 103
50 118
36 133
21 149
5 163
-10 177
-26 190
-42 203
-58 213
-73 223
-88 231
-102 237
-115 242
-126 245
-136 246
-145 245
-151 242
-156 238
-159 231
-160 223
-159 213
-156 202
-151 190
-144 176
-135 162
-124 146
-113 131
-99 114
-85 98
-70 82
-55 66
-38 50
-22 36
-6 22
10 9
25 -3
39 -13
52 -23
64 -30
75 -37
84 -41
91 -45
97 -46
101 -47
103 -46
104 -45
102 -42
100 -38
95 -34
89 -30
82 -25
74 -20
64 -16
54 -12
44 -8
33 -5
22 -3
11 -2
0 -2
-10 -3
-20 -6
-29 -9
-37 -14
-44 -20
-50 -27
-55 -35
-58 -43
-61 -53
-62 -63
-62 -73
-62 -83
-60 -93
-57 -102
-53 -111
-49 -119
-44 -125
-39 -130
-33 -134
-27 -136
-22 -136
-16 -134
-11 -129
-6 -123
-2 -114
2 -104
5 -91
7 -77
8 -61
8 -43
7 -24
6 -5
4 16
0 37
-4 57
-8 78
-14 97
-20 115
-26 132
-33 148
-40 161
-47 171
-55 179
-62 185
-70 187
-77 186
-84 182
-90 174
-97 164
-102 151
-107 134
-112 116
-116 94
-119 71
-122 46
-124 20
-125 -8
-125 -36
-125 -64
-124 -92
-123 -119
-121 -145
-118 -169
-115 -192
-111 -212
-107 -229
-102 -244
-96 -256
-91 -264
-84 -269
-78 -271
-71 -269
-64 -264
-56 -256
-48 -245
-40 -231
-31 -215
-23 -197
-14 -177
-5 -156
4 -134
13 -111
22 -88
31 -66
40 -44
49 -23
58 -4
66 13
75 28
83 41
90 52
98 60
104 65
111 68
116 68
122 65
126 60
130 53
134 44
136 33
138 21
140 8
140 -6
140 -19
140 -33
139 -46
137 -58
134 -69
132 -78
128 -86
125 -91
120 -94
116 -94
111 -93
106 -88
101 -81
96 -72
90 -61
85 -47
79 -31
73 -14
68 4
62 24
57 43
51 64
46 83
40 102
35 121
30 137
25 153
20 166
15 176
10 184
6 190
1 192
-3 192
-7 189
-11 182
-15 173
-18 162
-21 147
-23 131
-26 113
-27 93
-29 71
-29 49
-29 27
-29 4
-27 -19
-25 -40
-22 -61
-19 -80
-15 -97
-10 -112
-4 -125
2 -135
9 -143
16 -148
24 -150
32 -149
40 -146
49 -139
58 -131
66 -120
75 -107
83 -92
90 -76
97 -59
104 -41
109 -23
113 -5
116 12
118 29
119 45
118 59
116 71
112 81
107 89
101 94
93 97
84 98
73 95
62 90
49 83
35 73
21 60
6 46
-10 30
-26 12
-42 -8
-58 -28
-73 -49
-89 -70
-103 -92
-117 -113
-130 -134
-141 -154
-152 -173
-161 -190
-169 -206
-176 -221
-181 -233
-184 -243
-187 -251
-188 -257
-187 -261
-186 -263
-183 -262
-179 -260
-175 -255
-169 -249
-163 -241
-157 -231
-150 -221
-143 -208
-136 -195
-129 -181
-122 -166
-115 -151
-108 -135
-102 -119
-97 -103
-92 -86
-87 -70
-83 -53
-79 -37
-76 -21
-73 -6
-70 10
-68 25
-65 41
-63 55
-60 70
-57 84
-54 99
-51 113
-47 127
-42 140
-37 153
-31 166
-25 179
-18 191
-9 203
-1 215
9 226
19 236
29 245
41 253
52 261
64 267
76 272
88 276
100 278
111 279
122 278
133 276
143 272
152 267
160 259
167 251
173 240
177 229
181 215
183 201
183 186
183 170
181 153
177 135
173 118
167 100
160 82
152 64
143 47
133 31
123 16
112 1
100 -12
88 -23
76 -34
64 -43
52 -50
40 -55
28 -59
17 -61
5 -62
-5 -61
-16 -59
-26 -55
-35 -51
-44 -45
-52 -39
-60 -32
-67 -24
-73 -16
-79 -8
-85 0
-90 8
-94 15
-98 22
-102 28
-105 34
-107 38
-109 42
-110 45
-111 46
-111 47
-111 47
-110 46
-109 45
-107 42
-104 39
-100 36
-96 32
-92 28
-86 23
-81 19
-74 15
-67 11
-60 7
-52 4
-45 1
-37 -1
-29 -2
-21 -3
-13 -3
-6 -2
0 -1
6 1
11 4
15 7
18 10
19 14
20 17
18 21
16 25
11 29
5 32
-2 35
-11 38
-21 40
-33 41
-46 42
-61 42
-76 41
-91 39
-108 37
-124 34
-141 30
-157 26
-173 21
-188 16
-202 10
-214 4
-225 -2
-234 -8
-241 -14
-246 -20
-249 -25
-249 -29
-247 -34
-242 -37
-235 -39
-225 -41
-213 -42
-199 -42
-182 -41
-164 -39
-145 -36
-124 -32
-102 -27
-79 -22
-56 -16
-32 -9
-9 -2
14 5
36 13
57 20
76 28
94 35
110 41
124 47
136 53
146 57
154 61
160 64
163 65
165 66
164 66
162 64
159 61
154 57
148 53
142 47
134 40
127 33
120 25
113 17
106 8
100 -1
96 -10
92 -19
90 -28
89 -37
90 -44
92 -52
96 -58
101 -63
108 -68
116 -72
124 -74
134 -75
144 -75
154 -73
165 -71
174 -67
184 -62
192 -56
200 -49
205 -40
209 -32
211 -22
211 -11
209 0
204 11
196 22
187 34
174 46
160 57
143 69
124 79
102 90
80 100
55 109
30 117
4 125
-22 131
-48 137
-74 141
-99 144
-123 146
-146 148
-166 147
-185 146
-201 144
-215 140
-226 135
-234 130
-240 123
-242 115
-241 106
-238 97
-231 86
-222 75
-211 63
-197 51
-181 38
-164 24
-146 10
-126 -4
-106 -19
-86 -33
-66 -48
-46 -63
-26 -78
-8 -92
9 -106
24 -120
38 -133
50 -146
60 -158
69 -169
75 -180
79 -189
80 -198
81 -205
79 -212
75 -217
70 -221
63 -223
56 -224
47 -224
37 -223
28 -220
17 -216
7 -211
-4 -205
-14 -197
-24 -188
-33 -179
-42 -168
-50 -157
-57 -145
-63 -133
-69 -120
-74 -107
-78 -94
-81 -81
-84 -69
-86 -57
-88 -46
-90 -35
-91 -26
-93 -17
-94 -9
-95 -3
-97 2
-99 6
-101 8
-103 9
-106 9
-110 7
-113 4
-117 0
-122 -6
-126 -12
-130 -20
-135 -28
-139 -36
-143 -46
-147 -55
-150 -64
-153 -73
-155 -82
-156 -91
-156 -98
-156 -105
-154 -111
-152 -116
-148 -119
-143 -122
-138 -122
-131 -122
-124 -120
-116 -116
-108 -111
-99 -104
-90 -97
-80 -87
-71 -77
-62 -66
-53 -54
-45 -42
-37 -29
-30 -16
-24 -3
-19 10
-15 23
-12 35
-10 46
-9 56
-10 65
-11 73
-14 79
-17 84
-21 87
-26 89
-31 89
-37 87
-42 83
-48 79
-54 72
-59 64
-64 56
-68 46
-71 35
-74 24
-76 12
-76 0
-75 -13
-74 -24
-71 -36
-67 -47
-62 -57
-56 -66
-49 -74
-41 -81
-33 -86
-25 -90
-16 -92
-7 -93
2 -92
11 -89
19 -85
27 -80
34 -73
40 -65
44 -56
48 -46
51 -35
52 -23
52 -11
51 1
49 13
45 25
40 37
34 48
27 58
20 68
11 76
2 84
-7 90
-16 95
-26 99
-35 102
-44 103
-52 104
-60 103
-67 101
-73 98
-78 94
-81 89
-84 84
-86 78
-86 73
-85 66
-83 60
-80 54
-76 49
-71 44
-65 39
-58 35
-51 32
-43 30
-34 28
-26 28
-17 28
-8 30
1 32
9 35
17 39
25 44
32 50
38 56
44 63
49 70
53 77
57 85
59 92
61 100
62 107
62 115
61 122
60 129
57 135
54 140
50 146
46 150
41 154
35 158
29 160
23 163
16 164
8 165
1 166
-8 166
-16 166
-24 165
-33 164
-42 163
-51 162
-60 161
-68 159
-77 158
-85 157
-93 155
-101 154
-108 153
-115 152
-121 151
-126 151
-130 150
-133 150
-135 150
-136 150
-136 150
-134 150
-132 150
-127 150
-122 150
-116 150
-108 150
-99 150
-88 150
-77 150
-65 149
-52 148
-39 147
-25 146
-11 145
4 143
18 142
31 140
45 137
57 135
69 132
79 129
88 125
95 121
101 117
105 113
107 108
108 103
106 98
103 92
98 86
91 79
83 73
73 66
62 59
50 52
37 45
24 38
10 31
-4 24
-17 17
-31 10
-43 4
-55 -1
-65 -6
-74 -11
-81 -14
-87 -17
-91 -18
-93 -19
-93 -18
-91 -16
-87 -12
-81 -8
-74 -2
-66 6
-56 14
-45 24
-33 35
-20 48
-8 61
5 75
17 90
29 105
40 120
50 136
59 151
66 166
72 181
75 194
77 206
77 217
76 226
72 233
66 238
59 241
51 241
41 239
31 235
19 228
8 218
-4 206
-16 192
-27 175
-37 157
-46 136
-53 114
-59 91
-62 67
-64 42
-63 16
-60 -9
-55 -34
-47 -58
-36 -80
-24 -102
-9 -122
8 -139
26 -155
46 -168
67 -178
88 -185
110 -190
132 -192
154 -191
174 -187
194 -180
212 -171
229 -160
243 -146
255 -132
264 -115
271 -98
275 -80
276 -62
274 -43
269 -25
261 -8
251 7
238 22
224 35
207 46
189 55
170 62
150 66
130 68
110 68
90 66
71 62
53 56
36 48
22 39
9 29
-2 18
-10 6
-15 -5
-19 -16
-19 -27
-18 -36
-13 -44
-7 -50
1 -55
11 -57
23 -57
36 -55
49 -51
63 -43
77 -34
90 -22
103 -9
115 7
126 24
134 43
141 62
146 82
149 103
149 123
147 142
142 160
134 177
125 192
113 205
99 215
83 222
65 226
46 227
26 225
6 219
-16 211
-37 199
-58 184
-78 166
-97 146
-115 123
-132 99
-147 74
-160 47
-171 21
-181 -6
-188 -32
-193 -58
-195 -81
-196 -103
-195 -122
-193 -139
-189 -153
-184 -164
-178 -171
-171 -175
-163 -175
-156 -172
-149 -165
-142 -155
-136 -142
-131 -127
-127 -109
-125 -89
-123 -68
-124 -46
-126 -23
-130 0
-136 22
-143 43
-152 63
-162 81
-173 97
-186 110
-199 120
-213 127
-227 131
-241 132
-255 128
-269 122
-281 112
-293 99
-303 83
-312 65
-319 44
-324 22
-327 -2
-328 -27
-327 -53
-323 -78
-318 -103
-310 -126
-300 -149
-288 -169
-275 -187
-260 -203
-243 -215
-225 -224
-206 -230
-187 -233
-167 -232
-146 -228
-126 -220
-106 -209
-86 -195
-67 -179
-49 -160
-32 -138
-15 -116
0 -92
13 -67
26 -41
36 -16
46 8
54 32
61 55
66 76
71 95
74 111
76 126
78 137
78 146
78 152
78 156
77 157
76 155
75 151
74 145
73 136
72 126
72 115
72 102
72 89
72 76
73 62
74 49
76 36
78 24
81 14
83 4
86 -4
89 -10
92 -14
96 -16
99 -17
102 -15
105 -12
109 -7
111 0
114 8
116 17
118 28
120 39
121 51
122 63
123 75
123 87
123 99
122 110
121 120
119 130
117 138
114 145
111 151
108 155
104 157
100 159
95 158
89 156
83 153
77 148
70 143
63 135
55 127
47 118
39 108
30 98
21 86
11 75
2 63
-8 51
-18 38
-28 26
-37 13
-47 1
-56 -12
-65 -24
